model-1767192808, 1767192809, in_sample, 0.45, 0.2504
model-1767192808, 1767192809, in_sample, 0.55, 0.2459
model-1767192808, 1767192809, in_sample, 0.55, 0.2502
model-1767252939, 1767252940.584, in_sample, 0.55, 0.2488
model-1767252939, 1767252940.623, in_sample, 0.49, 0.2749
model-1767252939, 1767252940.694, in_sample, 0.49, 0.2503
model-1767252939, 1767252940.746, in_sample, 0.43, 0.2533
model-1767252939, 1767252940.788, in_sample, 0.47, 0.2504
model-1767252939, 1767252940.829, in_sample, 0.57, 0.2499
model-1767252939, 1767252940.874, in_sample, 0.42, 0.2504
model-1767252939, 1767252940.917, in_sample, 0.49, 0.2499
model-1767252939, 1767252940.961, in_sample, 0.51, 0.2499
model-1767252939, 1767252941.003, in_sample, 0.53, 0.2499
model-1767252939, 1767252941.045, in_sample, 0.55, 0.2491
model-1767252939, 1767252941.086, in_sample, 0.51, 0.2496
model-1767252939, 1767252941.13, in_sample, 0.51, 0.2499
model-1767252939, 1767252941.173, in_sample, 0.51, 0.2489
model-1767252939, 1767252941.216, in_sample, 0.49, 0.2514
model-1767252939, 1767252941.259, in_sample, 0.58, 0.2464
model-1767252939, 1767252941.303, in_sample, 0.46, 0.2521
model-1767252939, 1767252941.347, in_sample, 0.47, 0.25
model-1767252939, 1767252941.392, in_sample, 0.52, 0.2493
model-1767252939, 1767252941.435, in_sample, 0.58, 0.2459
model-1767252939, 1767252941.479, in_sample, 0.51, 0.2485
model-1767252939, 1767252941.524, in_sample, 0.55, 0.247
model-1767252939, 1767252941.57, in_sample, 0.46, 0.2483
model-1767252939, 1767252941.614, in_sample, 0.51, 0.2484
model-1767252939, 1767252941.658, in_sample, 0.41, 0.2532
model-1767252939, 1767252941.702, in_sample, 0.38, 0.2619
model-1767252939, 1767252941.747, in_sample, 0.5, 0.2487
model-1767252939, 1767252941.793, in_sample, 0.57, 0.2462
model-1767252939, 1767252941.837, in_sample, 0.58, 0.2471
model-1767252939, 1767252941.88, in_sample, 0.59, 0.2456
model-1767252939, 1767252941.959, in_sample, 0.52, 0.2483
model-1767252939, 1767252942.005, in_sample, 0.43, 0.2576
model-1767252939, 1767252942.05, in_sample, 0.47, 0.2516
model-1767252939, 1767252942.094, in_sample, 0.46, 0.2518
model-1767252939, 1767252942.138, in_sample, 0.54, 0.2484
model-1767252939, 1767252942.182, in_sample, 0.53, 0.2495
model-1767252939, 1767252942.226, in_sample, 0.62, 0.2451
model-1767252939, 1767252942.268, in_sample, 0.54, 0.2524
model-1767252939, 1767252942.313, in_sample, 0.53, 0.2457
model-1767252939, 1767252942.358, in_sample, 0.46, 0.2517
model-1767252939, 1767252942.402, in_sample, 0.58, 0.25
model-1767252939, 1767252942.446, in_sample, 0.52, 0.2466
model-1767252939, 1767252942.49, in_sample, 0.53, 0.2446
model-1767252939, 1767252942.535, in_sample, 0.63, 0.2433
model-1767252939, 1767252942.579, in_sample, 0.53, 0.2432
model-1767252939, 1767252942.623, in_sample, 0.57, 0.2399
model-1767252939, 1767252942.667, in_sample, 0.59, 0.2432
model-1767252939, 1767252942.712, in_sample, 0.59, 0.2517
model-1767252939, 1767252942.755, in_sample, 0.58, 0.2471
model-1767252939, 1767252942.799, in_sample, 0.54, 0.2524
model-1767252939, 1767252942.843, in_sample, 0.52, 0.247
model-1767252939, 1767252942.888, in_sample, 0.59, 0.2417
model-1767252939, 1767252942.932, in_sample, 0.62, 0.2337
model-1767252939, 1767252942.976, in_sample, 0.49, 0.2464
model-1767252939, 1767252943.02, in_sample, 0.5, 0.2466
model-1767252939, 1767252943.063, in_sample, 0.68, 0.2413
model-1767252939, 1767252943.108, in_sample, 0.63, 0.2419
model-1767252939, 1767252943.153, in_sample, 0.46, 0.2494
model-1767252939, 1767252943.196, in_sample, 0.66, 0.2426
model-1767252939, 1767252943.24, in_sample, 0.61, 0.246
model-1767252939, 1767252943.282, in_sample, 0.55, 0.2399
model-1767252939, 1767252943.326, in_sample, 0.62, 0.2428
model-1767252939, 1767252943.37, in_sample, 0.56, 0.2516
model-1767252939, 1767252943.415, in_sample, 0.57, 0.2397
model-1767252939, 1767252943.46, in_sample, 0.56, 0.239
model-1767252939, 1767252943.504, in_sample, 0.66, 0.2437
model-1767252939, 1767252943.547, in_sample, 0.57, 0.2402
model-1767252939, 1767252943.592, in_sample, 0.54, 0.2524
model-1767252939, 1767252943.635, in_sample, 0.57, 0.24
model-1767252939, 1767252943.679, in_sample, 0.55, 0.2502
model-1767252939, 1767252943.724, in_sample, 0.5, 0.2383
model-1767252939, 1767252943.768, in_sample, 0.48, 0.2507
model-1767252939, 1767252943.813, in_sample, 0.64, 0.2394
model-1767252939, 1767252943.858, in_sample, 0.58, 0.2362
model-1767252939, 1767252943.903, in_sample, 0.54, 0.2439
model-1767252939, 1767252943.949, in_sample, 0.5, 0.2551
model-1767252939, 1767252943.993, in_sample, 0.49, 0.2548
model-1767252939, 1767252944.036, in_sample, 0.52, 0.2474
model-1767252939, 1767252944.081, in_sample, 0.56, 0.2434
model-1767252939, 1767252944.125, in_sample, 0.6, 0.2426
model-1767252939, 1767252944.169, in_sample, 0.47, 0.248
model-1767252939, 1767252944.215, in_sample, 0.5, 0.2502
model-1767252939, 1767252944.26, in_sample, 0.59, 0.2436
model-1767252939, 1767252944.302, in_sample, 0.48, 0.2519
model-1767252939, 1767252944.345, in_sample, 0.53, 0.2487
model-1767252939, 1767252944.389, in_sample, 0.59, 0.2404
model-1767252939, 1767252944.433, in_sample, 0.47, 0.2549
model-1767252939, 1767252944.475, in_sample, 0.51, 0.2472
model-1767252939, 1767252944.518, in_sample, 0.59, 0.2443
model-1767252939, 1767252944.561, in_sample, 0.58, 0.2445
model-1767252939, 1767252944.604, in_sample, 0.58, 0.2468
model-1767252939, 1767252944.647, in_sample, 0.59, 0.2427
model-1767252939, 1767252944.689, in_sample, 0.58, 0.2416
model-1767252939, 1767252944.734, in_sample, 0.49, 0.2504
model-1767252939, 1767252944.779, in_sample, 0.54, 0.2448
model-1767252939, 1767252944.823, in_sample, 0.57, 0.2436
model-1767252939, 1767252944.868, in_sample, 0.5, 0.248
model-1767252939, 1767252944.912, in_sample, 0.6, 0.2354
model-1767252939, 1767252944.956, in_sample, 0.56, 0.2379
model-1767252939, 1767252945.002, in_sample, 0.51, 0.2529
model-1767252939, 1767252945.045, in_sample, 0.58, 0.2393
model-1767252939, 1767252945.087, in_sample, 0.59, 0.2433
model-1767252939, 1767252945.131, in_sample, 0.61, 0.2391
model-1767252939, 1767252945.175, in_sample, 0.64, 0.23
model-1767252939, 1767252945.218, in_sample, 0.65, 0.2294
model-1767252939, 1767252945.264, in_sample, 0.52, 0.2446
model-1767252939, 1767252945.306, in_sample, 0.61, 0.2367
model-1767252939, 1767252945.351, in_sample, 0.46, 0.2659
model-1767252939, 1767252945.396, in_sample, 0.67, 0.2273
model-1767252939, 1767252945.439, in_sample, 0.6, 0.2394
model-1767252939, 1767252945.483, in_sample, 0.58, 0.2364
model-1767252939, 1767252945.527, in_sample, 0.58, 0.2473
model-1767252939, 1767252945.574, in_sample, 0.56, 0.2363
model-1767252939, 1767252945.62, in_sample, 0.55, 0.2499
model-1767252939, 1767252945.664, in_sample, 0.64, 0.224
model-1767252939, 1767252945.71, in_sample, 0.6, 0.2357
model-1767252939, 1767252945.756, in_sample, 0.61, 0.2324
model-1767252939, 1767252945.8, in_sample, 0.65, 0.2235
model-1767252939, 1767252945.844, in_sample, 0.56, 0.2457
model-1767252939, 1767252945.888, in_sample, 0.69, 0.2242
model-1767252939, 1767252945.933, in_sample, 0.57, 0.2389
model-1767252939, 1767252945.977, in_sample, 0.57, 0.2343
model-1767252939, 1767252946.02, in_sample, 0.53, 0.2452
model-1767252939, 1767252946.064, in_sample, 0.68, 0.2236
model-1767252939, 1767252946.11, in_sample, 0.58, 0.2325
model-1767252939, 1767252946.156, in_sample, 0.63, 0.2167
model-1767252939, 1767252946.2, in_sample, 0.71, 0.2179
model-1767252939, 1767252946.243, in_sample, 0.62, 0.2287
model-1767252939, 1767252946.288, in_sample, 0.64, 0.2306
model-1767252939, 1767252946.332, in_sample, 0.6, 0.2343
model-1767252939, 1767252946.376, in_sample, 0.53, 0.2509
model-1767252939, 1767252946.421, in_sample, 0.59, 0.2343
model-1767252939, 1767252946.465, in_sample, 0.75, 0.2107
model-1767252939, 1767252946.51, in_sample, 0.61, 0.2328
model-1767252939, 1767252946.555, in_sample, 0.6, 0.2485
model-1767252939, 1767252946.599, in_sample, 0.55, 0.255
model-1767252939, 1767252946.643, in_sample, 0.6, 0.2348
model-1767252939, 1767252946.687, in_sample, 0.67, 0.2216
model-1767252939, 1767252946.732, in_sample, 0.52, 0.2593
model-1767252939, 1767252946.777, in_sample, 0.53, 0.2301
model-1767252939, 1767252946.822, in_sample, 0.55, 0.2494
model-1767252939, 1767252946.866, in_sample, 0.63, 0.2196
model-1767252939, 1767252946.911, in_sample, 0.6, 0.2328
model-1767252939, 1767252946.957, in_sample, 0.67, 0.2212
model-1767252939, 1767252947.001, in_sample, 0.66, 0.2324
model-1767252939, 1767252947.045, in_sample, 0.55, 0.2426
model-1767252939, 1767252947.09, in_sample, 0.68, 0.2216
model-1767252939, 1767252947.134, in_sample, 0.61, 0.2337
model-1767252939, 1767252947.179, in_sample, 0.57, 0.2322
model-1767252939, 1767252947.223, in_sample, 0.6, 0.2219
model-1767252939, 1767252947.267, in_sample, 0.54, 0.238
model-1767252939, 1767252947.312, in_sample, 0.59, 0.234
model-1767252939, 1767252947.355, in_sample, 0.64, 0.2405
model-1767252939, 1767252947.4, in_sample, 0.62, 0.233
model-1767252939, 1767252947.444, in_sample, 0.57, 0.2412
model-1767252939, 1767252947.489, in_sample, 0.66, 0.2181
model-1767252939, 1767252947.533, in_sample, 0.67, 0.2137
model-1767252939, 1767252947.579, in_sample, 0.62, 0.2304
model-1767252939, 1767252947.623, in_sample, 0.64, 0.2063
model-1767252939, 1767252947.668, in_sample, 0.66, 0.2312
model-1767252939, 1767252947.713, in_sample, 0.64, 0.2246
model-1767252939, 1767252947.757, in_sample, 0.58, 0.2523
model-1767252939, 1767252947.803, in_sample, 0.67, 0.2204
model-1767252939, 1767252947.847, in_sample, 0.69, 0.2131
model-1767252939, 1767252947.892, in_sample, 0.54, 0.2481
model-1767252939, 1767252947.937, in_sample, 0.56, 0.2445
model-1767252939, 1767252947.981, in_sample, 0.59, 0.2414
model-1767252939, 1767252948.026, in_sample, 0.71, 0.2202
model-1767252939, 1767252948.07, in_sample, 0.56, 0.2504
model-1767252939, 1767252948.114, in_sample, 0.58, 0.2387
model-1767252939, 1767252948.159, in_sample, 0.59, 0.2249
model-1767252939, 1767252948.204, in_sample, 0.59, 0.2261
model-1767252939, 1767252948.248, in_sample, 0.63, 0.2329
model-1767252939, 1767252948.293, in_sample, 0.6, 0.2253
model-1767252939, 1767252948.335, in_sample, 0.54, 0.2314
model-1767252939, 1767252948.379, in_sample, 0.67, 0.2269
model-1767252939, 1767252948.424, in_sample, 0.66, 0.2236
model-1767252939, 1767252948.468, in_sample, 0.59, 0.2536
model-1767252939, 1767252948.512, in_sample, 0.65, 0.2149
model-1767252939, 1767252948.556, in_sample, 0.57, 0.2345
model-1767252939, 1767252948.629, in_sample, 0.71, 0.2021
model-1767252939, 1767252948.673, in_sample, 0.67, 0.2151
model-1767252939, 1767252948.717, in_sample, 0.64, 0.23
model-1767252939, 1767252948.763, in_sample, 0.59, 0.2261
model-1767252939, 1767252948.808, in_sample, 0.6, 0.2209
model-1767252939, 1767252948.853, in_sample, 0.64, 0.2249
model-1767252939, 1767252948.898, in_sample, 0.64, 0.224
model-1767252939, 1767252948.942, in_sample, 0.62, 0.2323
model-1767252939, 1767252948.987, in_sample, 0.64, 0.2184
model-1767252939, 1767252949.032, in_sample, 0.69, 0.213
model-1767252939, 1767252949.075, in_sample, 0.56, 0.2447
model-1767252939, 1767252949.121, in_sample, 0.57, 0.2395
model-1767252939, 1767252949.166, in_sample, 0.62, 0.2305
model-1767252939, 1767252949.212, in_sample, 0.58, 0.2423
model-1767252939, 1767252949.256, in_sample, 0.78, 0.2029
model-1767252939, 1767252949.301, in_sample, 0.57, 0.2405
model-1767252939, 1767252949.344, in_sample, 0.59, 0.2352
model-1767252939, 1767252949.388, in_sample, 0.64, 0.229
model-1767252939, 1767252949.433, in_sample, 0.54, 0.2215
model-1767252939, 1767252949.475, in_sample, 0.61, 0.2191
model-1767252939, 1767252949.519, in_sample, 0.63, 0.2206
model-1767252939, 1767252949.564, in_sample, 0.59, 0.2347
model-1767252939, 1767252949.609, in_sample, 0.62, 0.2358
model-1767252939, 1767252949.654, in_sample, 0.57, 0.2386
model-1767252939, 1767252949.699, in_sample, 0.59, 0.2252
model-1767252939, 1767252949.743, in_sample, 0.68, 0.2103
model-1767252939, 1767252949.786, in_sample, 0.59, 0.2362
model-1767252939, 1767252949.831, in_sample, 0.7, 0.1999
model-1767252939, 1767252949.874, in_sample, 0.61, 0.2358
model-1767252939, 1767252949.919, in_sample, 0.68, 0.2114
model-1767252939, 1767252949.963, in_sample, 0.56, 0.2448
model-1767252939, 1767252950.008, in_sample, 0.58, 0.2332
model-1767252939, 1767252950.052, in_sample, 0.66, 0.2212
model-1767252939, 1767252950.097, in_sample, 0.64, 0.2258
model-1767252939, 1767252950.141, in_sample, 0.66, 0.2065
model-1767252939, 1767252950.186, in_sample, 0.55, 0.2544
model-1767252939, 1767252950.231, in_sample, 0.64, 0.238
model-1767252939, 1767252950.274, in_sample, 0.59, 0.229
model-1767252939, 1767252950.319, in_sample, 0.62, 0.2326
model-1767252939, 1767252950.362, in_sample, 0.63, 0.2324
model-1767252939, 1767252950.405, in_sample, 0.61, 0.2256
model-1767252939, 1767252950.45, in_sample, 0.62, 0.2225
model-1767252939, 1767252950.494, in_sample, 0.65, 0.2445
model-1767252939, 1767252950.539, in_sample, 0.62, 0.2308
model-1767252939, 1767252950.632, in_sample, 0.65, 0.2282
model-1767252939, 1767252950.669, in_sample, 0.56, 0.2399
model-1767252939, 1767252950.72, in_sample, 0.62, 0.2422
model-1767252939, 1767252950.769, in_sample, 0.71, 0.2259
model-1767252939, 1767252950.821, in_sample, 0.62, 0.224
model-1767252939, 1767252950.87, in_sample, 0.68, 0.2266
model-1767252939, 1767252950.919, in_sample, 0.61, 0.2203
model-1767252939, 1767252950.969, in_sample, 0.59, 0.2318
model-1767252939, 1767252951.019, in_sample, 0.66, 0.2183
model-1767252939, 1767252951.067, in_sample, 0.59, 0.2304
model-1767252939, 1767252951.113, in_sample, 0.66, 0.2145
model-1767252939, 1767252951.157, in_sample, 0.64, 0.2027
model-1767252939, 1767252951.202, in_sample, 0.65, 0.2171
model-1767252939, 1767252951.247, in_sample, 0.65, 0.2242
model-1767252939, 1767252951.29, in_sample, 0.66, 0.2017
model-1767252939, 1767252951.333, in_sample, 0.68, 0.2316
model-1767252939, 1767252951.376, in_sample, 0.71, 0.2059
model-1767252939, 1767252951.421, in_sample, 0.65, 0.234
model-1767252939, 1767252951.467, in_sample, 0.63, 0.2361
model-1767252939, 1767252951.511, in_sample, 0.64, 0.2204
model-1767252939, 1767252951.554, in_sample, 0.64, 0.2221
model-1767252939, 1767252951.597, in_sample, 0.62, 0.2206
model-1767252939, 1767252951.64, in_sample, 0.59, 0.226
model-1767252939, 1767252951.683, in_sample, 0.61, 0.2386
model-1767252939, 1767252951.727, in_sample, 0.6, 0.2344
model-1767252939, 1767252951.77, in_sample, 0.68, 0.2104
model-1767252939, 1767252951.813, in_sample, 0.66, 0.2234
model-1767252939, 1767252951.86, in_sample, 0.66, 0.2157
model-1767252939, 1767252951.904, in_sample, 0.63, 0.2231
model-1767252939, 1767252951.95, in_sample, 0.66, 0.2185
model-1767252939, 1767252951.994, in_sample, 0.67, 0.2094
model-1767252939, 1767252952.039, in_sample, 0.65, 0.2205
model-1767252939, 1767252952.083, in_sample, 0.63, 0.2238
model-1767252939, 1767252952.127, in_sample, 0.68, 0.209
model-1767252939, 1767252952.171, in_sample, 0.67, 0.2075
model-1767252939, 1767252952.216, in_sample, 0.47, 0.2626
model-1767252939, 1767252952.257, in_sample, 0.63, 0.236
model-1767252939, 1767252952.301, in_sample, 0.61, 0.2254
model-1767252939, 1767252952.346, in_sample, 0.61, 0.2426
model-1767252939, 1767252952.39, in_sample, 0.63, 0.2374
model-1767252939, 1767252952.434, in_sample, 0.56, 0.2374
model-1767252939, 1767252952.479, in_sample, 0.63, 0.2259
model-1767252939, 1767252952.523, in_sample, 0.66, 0.2307
model-1767252939, 1767252952.565, in_sample, 0.67, 0.2176
model-1767252939, 1767252952.61, in_sample, 0.63, 0.2116
model-1767252939, 1767252952.654, in_sample, 0.58, 0.2456
model-1767252939, 1767252952.698, in_sample, 0.62, 0.2242
model-1767252939, 1767252952.743, in_sample, 0.64, 0.2156
model-1767252939, 1767252952.787, in_sample, 0.6, 0.2262
model-1767252939, 1767252952.831, in_sample, 0.63, 0.2312
model-1767252939, 1767252952.876, in_sample, 0.56, 0.2376
model-1767252939, 1767252952.92, in_sample, 0.62, 0.2295
model-1767252939, 1767252952.965, in_sample, 0.71, 0.2196
model-1767252939, 1767252953.009, in_sample, 0.63, 0.2036
model-1767252939, 1767252953.053, in_sample, 0.67, 0.2212
model-1767252939, 1767252953.097, in_sample, 0.65, 0.2106
model-1767252939, 1767252953.141, in_sample, 0.68, 0.2137
model-1767252939, 1767252953.186, in_sample, 0.6, 0.2429
model-1767252939, 1767252953.23, in_sample, 0.66, 0.2208
model-1767252939, 1767252953.275, in_sample, 0.68, 0.2138
model-1767252939, 1767252953.32, in_sample, 0.64, 0.2232
model-1767253013, 1767253014.488, in_sample, 0.45, 0.2506
model-1767253013, 1767253014.537, in_sample, 0.49, 0.2523
model-1767253013, 1767253014.596, in_sample, 0.49, 0.2503
model-1767253013, 1767253014.642, in_sample, 0.58, 0.2496
model-1767253013, 1767253014.688, in_sample, 0.53, 0.2495
model-1767253013, 1767253014.732, in_sample, 0.5, 0.2501
model-1767253013, 1767253014.778, in_sample, 0.42, 0.2527
model-1767253013, 1767253014.823, in_sample, 0.48, 0.2497
model-1767253013, 1767253014.867, in_sample, 0.54, 0.2497
model-1767253013, 1767253014.912, in_sample, 0.53, 0.2497
model-1767253013, 1767253014.956, in_sample, 0.55, 0.2486
model-1767253013, 1767253015.001, in_sample, 0.51, 0.2495
model-1767253013, 1767253015.046, in_sample, 0.51, 0.2498
model-1767253013, 1767253015.09, in_sample, 0.51, 0.2481
model-1767253013, 1767253015.135, in_sample, 0.49, 0.2511
model-1767253013, 1767253015.179, in_sample, 0.58, 0.2452
model-1767253013, 1767253015.224, in_sample, 0.46, 0.2532
model-1767253013, 1767253015.269, in_sample, 0.47, 0.2494
model-1767253013, 1767253015.313, in_sample, 0.52, 0.2488
model-1767253013, 1767253015.357, in_sample, 0.58, 0.2427
model-1767253013, 1767253015.402, in_sample, 0.51, 0.2463
model-1767253013, 1767253015.447, in_sample, 0.55, 0.2461
model-1767253013, 1767253015.492, in_sample, 0.46, 0.2451
model-1767253013, 1767253015.536, in_sample, 0.51, 0.2498
model-1767253013, 1767253015.582, in_sample, 0.43, 0.2509
model-1767253013, 1767253015.626, in_sample, 0.42, 0.2644
model-1767253013, 1767253015.671, in_sample, 0.57, 0.2464
model-1767253013, 1767253015.715, in_sample, 0.58, 0.2436
model-1767253013, 1767253015.759, in_sample, 0.57, 0.2433
model-1767253013, 1767253015.804, in_sample, 0.59, 0.2407
model-1767253013, 1767253015.849, in_sample, 0.52, 0.251
model-1767253013, 1767253015.894, in_sample, 0.46, 0.2674
model-1767253013, 1767253015.938, in_sample, 0.48, 0.2528
model-1767253013, 1767253015.983, in_sample, 0.47, 0.2533
model-1767253013, 1767253016.027, in_sample, 0.54, 0.249
model-1767253013, 1767253016.072, in_sample, 0.53, 0.2508
model-1767253013, 1767253016.116, in_sample, 0.57, 0.2411
model-1767253013, 1767253016.16, in_sample, 0.54, 0.2537
model-1767253013, 1767253016.205, in_sample, 0.55, 0.2426
model-1767253013, 1767253016.25, in_sample, 0.47, 0.2548
model-1767253013, 1767253016.293, in_sample, 0.5, 0.253
model-1767253013, 1767253016.337, in_sample, 0.53, 0.2439
model-1767253013, 1767253016.382, in_sample, 0.53, 0.2448
model-1767253013, 1767253016.427, in_sample, 0.64, 0.2412
model-1767253013, 1767253016.471, in_sample, 0.51, 0.2441
model-1767253013, 1767253016.516, in_sample, 0.56, 0.2405
model-1767253013, 1767253016.56, in_sample, 0.57, 0.2447
model-1767253013, 1767253016.605, in_sample, 0.55, 0.2504
model-1767253013, 1767253016.65, in_sample, 0.6, 0.2448
model-1767253013, 1767253016.695, in_sample, 0.54, 0.2523
model-1767253013, 1767253016.739, in_sample, 0.56, 0.2464
model-1767253013, 1767253016.783, in_sample, 0.55, 0.244
model-1767253013, 1767253016.827, in_sample, 0.56, 0.235
model-1767253013, 1767253016.871, in_sample, 0.49, 0.2495
model-1767253013, 1767253016.917, in_sample, 0.5, 0.2506
model-1767253013, 1767253016.961, in_sample, 0.65, 0.2417
model-1767253013, 1767253017.005, in_sample, 0.6, 0.2412
model-1767253013, 1767253017.05, in_sample, 0.41, 0.2528
model-1767253013, 1767253017.095, in_sample, 0.62, 0.2406
model-1767253013, 1767253017.139, in_sample, 0.61, 0.2469
model-1767253013, 1767253017.184, in_sample, 0.53, 0.2406
model-1767253013, 1767253017.227, in_sample, 0.59, 0.2461
model-1767253013, 1767253017.272, in_sample, 0.52, 0.2571
model-1767253013, 1767253017.317, in_sample, 0.62, 0.2383
model-1767253013, 1767253017.361, in_sample, 0.54, 0.2415
model-1767253013, 1767253017.404, in_sample, 0.63, 0.2467
model-1767253013, 1767253017.448, in_sample, 0.52, 0.2469
model-1767253013, 1767253017.491, in_sample, 0.52, 0.2493
model-1767253013, 1767253017.533, in_sample, 0.49, 0.2457
model-1767253013, 1767253017.578, in_sample, 0.53, 0.2505
model-1767253013, 1767253017.623, in_sample, 0.53, 0.239
model-1767253013, 1767253017.667, in_sample, 0.58, 0.2433
model-1767253013, 1767253017.712, in_sample, 0.56, 0.2434
model-1767253013, 1767253017.756, in_sample, 0.57, 0.2407
model-1767253013, 1767253017.801, in_sample, 0.59, 0.2469
model-1767253013, 1767253017.846, in_sample, 0.51, 0.2637
model-1767253013, 1767253017.891, in_sample, 0.49, 0.258
model-1767253013, 1767253017.934, in_sample, 0.5, 0.2517
model-1767253013, 1767253017.978, in_sample, 0.55, 0.2445
model-1767253013, 1767253018.023, in_sample, 0.45, 0.254
model-1767253013, 1767253018.067, in_sample, 0.51, 0.2483
model-1767253013, 1767253018.112, in_sample, 0.51, 0.2486
model-1767253013, 1767253018.156, in_sample, 0.59, 0.2444
model-1767253013, 1767253018.2, in_sample, 0.49, 0.2486
model-1767253013, 1767253018.245, in_sample, 0.51, 0.2501
model-1767253013, 1767253018.29, in_sample, 0.61, 0.246
model-1767253013, 1767253018.333, in_sample, 0.39, 0.2537
model-1767253013, 1767253018.378, in_sample, 0.52, 0.2508
model-1767253013, 1767253018.422, in_sample, 0.48, 0.2488
model-1767253013, 1767253018.466, in_sample, 0.51, 0.2485
model-1767253013, 1767253018.511, in_sample, 0.48, 0.2513
model-1767253013, 1767253018.556, in_sample, 0.57, 0.2461
model-1767253013, 1767253018.6, in_sample, 0.58, 0.2429
model-1767253013, 1767253018.646, in_sample, 0.5, 0.2523
model-1767253013, 1767253018.69, in_sample, 0.55, 0.2476
model-1767253013, 1767253018.734, in_sample, 0.55, 0.2465
model-1767253013, 1767253018.779, in_sample, 0.51, 0.2521
model-1767253013, 1767253018.824, in_sample, 0.58, 0.2401
model-1767253013, 1767253018.868, in_sample, 0.56, 0.2456
model-1767253013, 1767253018.912, in_sample, 0.62, 0.2416
model-1767253013, 1767253018.957, in_sample, 0.62, 0.2373
model-1767253013, 1767253019.001, in_sample, 0.43, 0.2558
model-1767253013, 1767253019.046, in_sample, 0.54, 0.2469
model-1767253013, 1767253019.09, in_sample, 0.58, 0.2428
model-1767253013, 1767253019.133, in_sample, 0.57, 0.2436
model-1767253013, 1767253019.178, in_sample, 0.59, 0.2506
model-1767253013, 1767253019.222, in_sample, 0.57, 0.2527
model-1767253013, 1767253019.267, in_sample, 0.6, 0.2574
model-1767253013, 1767253019.311, in_sample, 0.6, 0.2467
model-1767253013, 1767253019.354, in_sample, 0.53, 0.2472
model-1767253013, 1767253019.398, in_sample, 0.55, 0.2383
model-1767253013, 1767253019.443, in_sample, 0.59, 0.2451
model-1767253013, 1767253019.487, in_sample, 0.67, 0.2423
model-1767253013, 1767253019.532, in_sample, 0.54, 0.2476
model-1767253013, 1767253019.577, in_sample, 0.64, 0.2359
model-1767253013, 1767253019.621, in_sample, 0.63, 0.2405
model-1767253013, 1767253019.665, in_sample, 0.66, 0.2342
model-1767253013, 1767253019.71, in_sample, 0.62, 0.236
model-1767253013, 1767253019.751, in_sample, 0.52, 0.2429
model-1767253013, 1767253019.796, in_sample, 0.66, 0.2303
model-1767253013, 1767253019.84, in_sample, 0.57, 0.2423
model-1767253013, 1767253019.885, in_sample, 0.56, 0.2466
model-1767253013, 1767253019.929, in_sample, 0.49, 0.2553
model-1767253013, 1767253019.975, in_sample, 0.62, 0.2282
model-1767253013, 1767253020.018, in_sample, 0.53, 0.2372
model-1767253013, 1767253020.065, in_sample, 0.59, 0.2262
model-1767253013, 1767253020.11, in_sample, 0.67, 0.2234
model-1767253013, 1767253020.153, in_sample, 0.64, 0.2289
model-1767253013, 1767253020.197, in_sample, 0.6, 0.2319
model-1767253013, 1767253020.242, in_sample, 0.6, 0.2343
model-1767253013, 1767253020.287, in_sample, 0.54, 0.2438
model-1767253013, 1767253020.331, in_sample, 0.63, 0.2314
model-1767253013, 1767253020.376, in_sample, 0.76, 0.2133
model-1767253013, 1767253020.42, in_sample, 0.64, 0.2334
model-1767253013, 1767253020.465, in_sample, 0.55, 0.2472
model-1767253013, 1767253020.51, in_sample, 0.46, 0.2579
model-1767253013, 1767253020.553, in_sample, 0.63, 0.2317
model-1767253013, 1767253020.598, in_sample, 0.63, 0.223
model-1767253013, 1767253020.643, in_sample, 0.51, 0.2662
model-1767253013, 1767253020.687, in_sample, 0.57, 0.2305
model-1767253013, 1767253020.732, in_sample, 0.53, 0.2478
model-1767253013, 1767253020.777, in_sample, 0.71, 0.215
model-1767253013, 1767253020.821, in_sample, 0.57, 0.2302
model-1767253013, 1767253020.866, in_sample, 0.66, 0.2254
model-1767253013, 1767253020.911, in_sample, 0.6, 0.2357
model-1767253013, 1767253020.954, in_sample, 0.56, 0.2487
model-1767253013, 1767253020.999, in_sample, 0.64, 0.2216
model-1767253013, 1767253021.044, in_sample, 0.58, 0.2442
model-1767253013, 1767253021.088, in_sample, 0.57, 0.2378
model-1767253013, 1767253021.132, in_sample, 0.64, 0.221
model-1767253013, 1767253021.177, in_sample, 0.61, 0.2309
model-1767253013, 1767253021.221, in_sample, 0.55, 0.2462
model-1767253013, 1767253021.266, in_sample, 0.59, 0.2427
model-1767253013, 1767253021.311, in_sample, 0.58, 0.2368
model-1767253013, 1767253021.354, in_sample, 0.64, 0.2353
model-1767253013, 1767253021.398, in_sample, 0.63, 0.2237
model-1767253013, 1767253021.444, in_sample, 0.68, 0.2219
model-1767253013, 1767253021.487, in_sample, 0.62, 0.2343
model-1767253013, 1767253021.531, in_sample, 0.64, 0.2109
model-1767253013, 1767253021.613, in_sample, 0.62, 0.2331
model-1767253013, 1767253021.659, in_sample, 0.63, 0.2272
model-1767253013, 1767253021.704, in_sample, 0.57, 0.2567
model-1767253013, 1767253021.757, in_sample, 0.69, 0.22
model-1767253013, 1767253021.807, in_sample, 0.66, 0.2186
model-1767253013, 1767253021.858, in_sample, 0.51, 0.254
model-1767253013, 1767253021.906, in_sample, 0.55, 0.2375
model-1767253013, 1767253021.953, in_sample, 0.55, 0.2446
model-1767253013, 1767253021.999, in_sample, 0.67, 0.2278
model-1767253013, 1767253022.045, in_sample, 0.56, 0.2541
model-1767253013, 1767253022.089, in_sample, 0.57, 0.2427
model-1767253013, 1767253022.133, in_sample, 0.63, 0.2275
model-1767253013, 1767253022.178, in_sample, 0.6, 0.2322
model-1767253013, 1767253022.222, in_sample, 0.71, 0.2253
model-1767253013, 1767253022.266, in_sample, 0.64, 0.227
model-1767253013, 1767253022.311, in_sample, 0.64, 0.2295
model-1767253013, 1767253022.354, in_sample, 0.66, 0.2299
model-1767253013, 1767253022.398, in_sample, 0.66, 0.2243
model-1767253013, 1767253022.443, in_sample, 0.56, 0.249
model-1767253013, 1767253022.488, in_sample, 0.64, 0.2217
model-1767253013, 1767253022.53, in_sample, 0.63, 0.2279
model-1767253013, 1767253022.575, in_sample, 0.71, 0.2074
model-1767253013, 1767253022.619, in_sample, 0.63, 0.218
model-1767253013, 1767253022.664, in_sample, 0.62, 0.2263
model-1767253013, 1767253022.709, in_sample, 0.64, 0.2229
model-1767253013, 1767253022.753, in_sample, 0.59, 0.2264
model-1767253013, 1767253022.798, in_sample, 0.62, 0.2183
model-1767253013, 1767253022.843, in_sample, 0.68, 0.219
model-1767253013, 1767253022.888, in_sample, 0.58, 0.2323
model-1767253013, 1767253022.932, in_sample, 0.62, 0.2234
model-1767253013, 1767253022.977, in_sample, 0.65, 0.2136
model-1767253013, 1767253023.022, in_sample, 0.54, 0.2557
model-1767253013, 1767253023.066, in_sample, 0.59, 0.2378
model-1767253013, 1767253023.111, in_sample, 0.62, 0.2211
model-1767253013, 1767253023.156, in_sample, 0.56, 0.2537
model-1767253013, 1767253023.2, in_sample, 0.73, 0.2054
model-1767253013, 1767253023.245, in_sample, 0.53, 0.2434
model-1767253013, 1767253023.289, in_sample, 0.6, 0.2317
model-1767253013, 1767253023.333, in_sample, 0.57, 0.2396
model-1767253013, 1767253023.376, in_sample, 0.56, 0.2302
model-1767253013, 1767253023.42, in_sample, 0.67, 0.2243
model-1767253013, 1767253023.465, in_sample, 0.65, 0.2262
model-1767253013, 1767253023.509, in_sample, 0.61, 0.2313
model-1767253013, 1767253023.554, in_sample, 0.59, 0.2419
model-1767253013, 1767253023.598, in_sample, 0.55, 0.2422
model-1767253013, 1767253023.644, in_sample, 0.59, 0.2267
model-1767253013, 1767253023.689, in_sample, 0.63, 0.2167
model-1767253013, 1767253023.733, in_sample, 0.6, 0.2299
model-1767253013, 1767253023.776, in_sample, 0.75, 0.2
model-1767253013, 1767253023.821, in_sample, 0.57, 0.2405
model-1767253013, 1767253023.865, in_sample, 0.67, 0.2134
model-1767253013, 1767253023.91, in_sample, 0.53, 0.2451
model-1767253013, 1767253023.955, in_sample, 0.63, 0.2232
model-1767253013, 1767253023.999, in_sample, 0.66, 0.231
model-1767253013, 1767253024.043, in_sample, 0.58, 0.2365
model-1767253013, 1767253024.088, in_sample, 0.69, 0.2079
model-1767253013, 1767253024.132, in_sample, 0.58, 0.2346
model-1767253013, 1767253024.177, in_sample, 0.61, 0.2422
model-1767253013, 1767253024.221, in_sample, 0.6, 0.2302
model-1767253013, 1767253024.265, in_sample, 0.62, 0.2322
model-1767253013, 1767253024.311, in_sample, 0.63, 0.2233
model-1767253013, 1767253024.355, in_sample, 0.63, 0.2134
model-1767253013, 1767253024.399, in_sample, 0.68, 0.2148
model-1767253013, 1767253024.444, in_sample, 0.63, 0.2376
model-1767253013, 1767253024.488, in_sample, 0.7, 0.2165
model-1767253013, 1767253024.582, in_sample, 0.59, 0.2424
model-1767253013, 1767253024.618, in_sample, 0.55, 0.2488
model-1767253013, 1767253024.668, in_sample, 0.64, 0.2348
model-1767253013, 1767253024.713, in_sample, 0.7, 0.2154
model-1767253013, 1767253024.758, in_sample, 0.73, 0.213
model-1767253013, 1767253024.802, in_sample, 0.61, 0.228
model-1767253013, 1767253024.845, in_sample, 0.59, 0.2359
model-1767253013, 1767253024.889, in_sample, 0.56, 0.2428
model-1767253013, 1767253024.934, in_sample, 0.69, 0.216
model-1767253013, 1767253024.977, in_sample, 0.65, 0.2217
model-1767253013, 1767253025.021, in_sample, 0.62, 0.2254
model-1767253013, 1767253025.066, in_sample, 0.67, 0.2101
model-1767253013, 1767253025.11, in_sample, 0.65, 0.2179
model-1767253013, 1767253025.155, in_sample, 0.67, 0.2289
model-1767253013, 1767253025.2, in_sample, 0.72, 0.1936
model-1767253013, 1767253025.244, in_sample, 0.6, 0.231
model-1767253013, 1767253025.289, in_sample, 0.62, 0.2299
model-1767253013, 1767253025.334, in_sample, 0.65, 0.2199
model-1767253013, 1767253025.377, in_sample, 0.6, 0.2319
model-1767253013, 1767253025.421, in_sample, 0.64, 0.2116
model-1767253013, 1767253025.466, in_sample, 0.65, 0.2114
model-1767253013, 1767253025.51, in_sample, 0.62, 0.2212
model-1767253013, 1767253025.554, in_sample, 0.65, 0.2224
model-1767253013, 1767253025.599, in_sample, 0.65, 0.2347
model-1767253013, 1767253025.643, in_sample, 0.64, 0.2275
model-1767253013, 1767253025.687, in_sample, 0.74, 0.1929
model-1767253013, 1767253025.731, in_sample, 0.66, 0.2253
model-1767253013, 1767253025.775, in_sample, 0.65, 0.2305
model-1767253013, 1767253025.82, in_sample, 0.61, 0.2243
model-1767253013, 1767253025.864, in_sample, 0.71, 0.212
model-1767253013, 1767253025.909, in_sample, 0.65, 0.2141
model-1767253013, 1767253025.954, in_sample, 0.69, 0.2178
model-1767253013, 1767253025.997, in_sample, 0.62, 0.2169
model-1767253013, 1767253026.041, in_sample, 0.65, 0.2101
model-1767253013, 1767253026.086, in_sample, 0.74, 0.1904
model-1767253013, 1767253026.131, in_sample, 0.63, 0.2235
model-1767253013, 1767253026.175, in_sample, 0.6, 0.2332
model-1767253013, 1767253026.22, in_sample, 0.62, 0.2166
model-1767253013, 1767253026.264, in_sample, 0.64, 0.2367
model-1767253013, 1767253026.308, in_sample, 0.7, 0.2198
model-1767253013, 1767253026.352, in_sample, 0.62, 0.2331
model-1767253013, 1767253026.395, in_sample, 0.66, 0.2207
model-1767253013, 1767253026.439, in_sample, 0.59, 0.2329
model-1767253013, 1767253026.485, in_sample, 0.66, 0.2194
model-1767253013, 1767253026.529, in_sample, 0.73, 0.198
model-1767253013, 1767253026.573, in_sample, 0.61, 0.2485
model-1767253013, 1767253026.618, in_sample, 0.65, 0.206
model-1767253013, 1767253026.663, in_sample, 0.67, 0.2027
model-1767253013, 1767253026.707, in_sample, 0.63, 0.2149
model-1767253013, 1767253026.753, in_sample, 0.6, 0.235
model-1767253013, 1767253026.796, in_sample, 0.54, 0.2526
model-1767253013, 1767253026.84, in_sample, 0.71, 0.2191
model-1767253013, 1767253026.885, in_sample, 0.66, 0.2059
model-1767253013, 1767253026.929, in_sample, 0.67, 0.2164
model-1767253013, 1767253026.973, in_sample, 0.6, 0.2217
model-1767253013, 1767253027.018, in_sample, 0.69, 0.2045
model-1767253013, 1767253027.06, in_sample, 0.65, 0.2118
model-1767253013, 1767253027.105, in_sample, 0.64, 0.2343
model-1767253013, 1767253027.149, in_sample, 0.58, 0.2335
model-1767253013, 1767253027.192, in_sample, 0.64, 0.2153
model-1767253013, 1767253027.235, in_sample, 0.68, 0.2076
model-1767253013, 1767253027.28, in_sample, 0.66, 0.2174
model-1767253013, 1767253027.325, in_sample, 0.66, 0.2165
model-1767253013, 1767253027.367, in_sample, 0.51, 0.2408
model-1767253013, 1767253027.411, in_sample, 0.61, 0.2192
model-1767253013, 1767253027.456, in_sample, 0.69, 0.2031
model-1767253013, 1767253027.5, in_sample, 0.65, 0.2133
model-1767253013, 1767253027.545, in_sample, 0.67, 0.2044
model-1767253013, 1767253027.588, in_sample, 0.55, 0.2416
model-1767253013, 1767253027.631, in_sample, 0.62, 0.2317
model-1767253013, 1767253027.675, in_sample, 0.66, 0.2254
model-1767253013, 1767253027.72, in_sample, 0.58, 0.241
model-1767253013, 1767253027.765, in_sample, 0.65, 0.2214
model-1767253013, 1767253027.809, in_sample, 0.6, 0.2269
model-1767253013, 1767253027.853, in_sample, 0.61, 0.2143
model-1767253013, 1767253027.896, in_sample, 0.64, 0.2187
model-1767253013, 1767253027.939, in_sample, 0.66, 0.2169
model-1767253013, 1767253027.985, in_sample, 0.61, 0.2283
model-1767253013, 1767253028.031, in_sample, 0.66, 0.2073
model-1767253013, 1767253028.077, in_sample, 0.61, 0.2181
model-1767253013, 1767253028.123, in_sample, 0.63, 0.2393
model-1767253013, 1767253028.168, in_sample, 0.61, 0.2255
model-1767253013, 1767253028.212, in_sample, 0.57, 0.2436
model-1767253013, 1767253028.258, in_sample, 0.69, 0.213
model-1767253013, 1767253028.323, in_sample, 0.64, 0.2264
model-1767253013, 1767253028.369, in_sample, 0.62, 0.2359
model-1767253013, 1767253028.412, in_sample, 0.57, 0.2419
model-1767253013, 1767253028.456, in_sample, 0.62, 0.2143
model-1767253013, 1767253028.5, in_sample, 0.6, 0.2286
model-1767253013, 1767253028.545, in_sample, 0.65, 0.2252
model-1767253013, 1767253028.589, in_sample, 0.67, 0.2242
model-1767253013, 1767253028.634, in_sample, 0.68, 0.215
model-1767253013, 1767253028.678, in_sample, 0.69, 0.2081
model-1767253013, 1767253028.723, in_sample, 0.68, 0.2148
model-1767253013, 1767253028.766, in_sample, 0.63, 0.224
model-1767253013, 1767253028.807, in_sample, 0.59, 0.235
model-1767253013, 1767253028.852, in_sample, 0.74, 0.2002
model-1767253013, 1767253028.897, in_sample, 0.71, 0.2178
model-1767253013, 1767253028.941, in_sample, 0.65, 0.2097
model-1767253013, 1767253028.985, in_sample, 0.66, 0.2206
model-1767253013, 1767253029.03, in_sample, 0.61, 0.2239
model-1767253013, 1767253029.074, in_sample, 0.72, 0.2022
model-1767253013, 1767253029.116, in_sample, 0.6, 0.2488
model-1767253013, 1767253029.161, in_sample, 0.57, 0.2481
model-1767253013, 1767253029.205, in_sample, 0.6, 0.2235
model-1767253013, 1767253029.247, in_sample, 0.72, 0.2056
model-1767253013, 1767253029.292, in_sample, 0.63, 0.2278
model-1767253013, 1767253029.336, in_sample, 0.7, 0.2083
model-1767253013, 1767253029.379, in_sample, 0.63, 0.2507
model-1767253013, 1767253029.421, in_sample, 0.63, 0.2277
model-1767253013, 1767253029.466, in_sample, 0.63, 0.2323
model-1767253013, 1767253029.51, in_sample, 0.7, 0.2053
model-1767253013, 1767253029.555, in_sample, 0.63, 0.2265
model-1767253013, 1767253029.599, in_sample, 0.63, 0.2189
model-1767253013, 1767253029.642, in_sample, 0.62, 0.2364
model-1767253013, 1767253029.687, in_sample, 0.68, 0.2061
model-1767253013, 1767253029.729, in_sample, 0.65, 0.2161
model-1767253013, 1767253029.774, in_sample, 0.68, 0.206
model-1767253013, 1767253029.818, in_sample, 0.7, 0.1979
model-1767253013, 1767253029.862, in_sample, 0.62, 0.2235
model-1767253013, 1767253029.907, in_sample, 0.76, 0.1885
model-1767253013, 1767253029.952, in_sample, 0.61, 0.2412
model-1767253013, 1767253029.994, in_sample, 0.66, 0.2095
model-1767253013, 1767253030.037, in_sample, 0.69, 0.2121
model-1767253013, 1767253030.083, in_sample, 0.61, 0.2128
model-1767253013, 1767253030.125, in_sample, 0.74, 0.1876
model-1767253013, 1767253030.17, in_sample, 0.69, 0.1969
model-1767253013, 1767253030.213, in_sample, 0.72, 0.1916
model-1767253013, 1767253030.257, in_sample, 0.71, 0.1862
model-1767253013, 1767253030.297, in_sample, 0.67, 0.2107
model-1767253013, 1767253030.342, in_sample, 0.7, 0.1992
model-1767253013, 1767253030.386, in_sample, 0.57, 0.234
model-1767253013, 1767253030.43, in_sample, 0.68, 0.216
model-1767253013, 1767253030.477, in_sample, 0.74, 0.1711
model-1767253013, 1767253030.521, in_sample, 0.71, 0.2023
model-1767253013, 1767253030.566, in_sample, 0.62, 0.2258
model-1767253013, 1767253030.61, in_sample, 0.59, 0.2301
model-1767253013, 1767253030.655, in_sample, 0.76, 0.1865
model-1767253013, 1767253030.701, in_sample, 0.67, 0.2046
model-1767253013, 1767253030.747, in_sample, 0.61, 0.2518
model-1767253013, 1767253030.793, in_sample, 0.69, 0.1995
model-1767253013, 1767253030.836, in_sample, 0.59, 0.23
model-1767253013, 1767253030.881, in_sample, 0.73, 0.1916
model-1767253013, 1767253030.926, in_sample, 0.65, 0.1998
model-1767253013, 1767253030.971, in_sample, 0.72, 0.1879
model-1767253013, 1767253031.017, in_sample, 0.6, 0.2263
model-1767253013, 1767253031.061, in_sample, 0.62, 0.2271
model-1767253013, 1767253031.106, in_sample, 0.63, 0.2224
model-1767253013, 1767253031.151, in_sample, 0.64, 0.2297
model-1767253013, 1767253031.193, in_sample, 0.62, 0.2174
model-1767253013, 1767253031.237, in_sample, 0.57, 0.2428
model-1767253013, 1767253031.281, in_sample, 0.63, 0.2374
model-1767253013, 1767253031.326, in_sample, 0.68, 0.2003
model-1767253013, 1767253031.37, in_sample, 0.66, 0.2268
model-1767253013, 1767253031.415, in_sample, 0.67, 0.2084
model-1767253013, 1767253031.459, in_sample, 0.76, 0.1918
model-1767253013, 1767253031.501, in_sample, 0.6, 0.2153
model-1767253013, 1767253031.547, in_sample, 0.65, 0.2142
model-1767253013, 1767253031.591, in_sample, 0.67, 0.2063
model-1767253013, 1767253031.634, in_sample, 0.75, 0.172
model-1767253013, 1767253031.685, in_sample, 0.67, 0.2102
model-1767253013, 1767253031.729, in_sample, 0.71, 0.2041
model-1767253013, 1767253031.773, in_sample, 0.59, 0.2283
model-1767253013, 1767253031.818, in_sample, 0.71, 0.1961
model-1767253013, 1767253031.862, in_sample, 0.71, 0.1888
model-1767253013, 1767253031.907, in_sample, 0.69, 0.2124
model-1767253013, 1767253031.952, in_sample, 0.6, 0.2296
model-1767253013, 1767253031.997, in_sample, 0.6, 0.2321
model-1767253013, 1767253032.04, in_sample, 0.74, 0.2048
model-1767253013, 1767253032.085, in_sample, 0.67, 0.2035
model-1767253013, 1767253032.13, in_sample, 0.69, 0.2119
model-1767253013, 1767253032.174, in_sample, 0.63, 0.212
model-1767253013, 1767253032.219, in_sample, 0.68, 0.2012
model-1767253013, 1767253032.264, in_sample, 0.72, 0.1947
model-1767253013, 1767253032.308, in_sample, 0.65, 0.22
model-1767253013, 1767253032.353, in_sample, 0.6, 0.2091
model-1767253013, 1767253032.396, in_sample, 0.72, 0.1917
model-1767253013, 1767253032.437, in_sample, 0.73, 0.1899
model-1767253013, 1767253032.482, in_sample, 0.63, 0.2195
model-1767253013, 1767253032.526, in_sample, 0.72, 0.1852
model-1767253013, 1767253032.571, in_sample, 0.67, 0.209
model-1767253013, 1767253032.616, in_sample, 0.82, 0.1734
model-1767253013, 1767253032.66, in_sample, 0.65, 0.1956
model-1767253013, 1767253032.702, in_sample, 0.66, 0.2044
model-1767253013, 1767253032.747, in_sample, 0.7, 0.2188
model-1767253013, 1767253032.791, in_sample, 0.69, 0.2143
model-1767253013, 1767253032.834, in_sample, 0.67, 0.2133
model-1767253013, 1767253032.879, in_sample, 0.75, 0.1747
model-1767253013, 1767253032.924, in_sample, 0.64, 0.2187
model-1767253013, 1767253032.968, in_sample, 0.66, 0.209
model-1767253013, 1767253033.013, in_sample, 0.74, 0.1965
model-1767253013, 1767253033.057, in_sample, 0.58, 0.2302
model-1767253013, 1767253033.101, in_sample, 0.63, 0.2234
model-1767253013, 1767253033.146, in_sample, 0.66, 0.2138
model-1767253013, 1767253033.191, in_sample, 0.56, 0.2356
model-1767253013, 1767253033.234, in_sample, 0.69, 0.2133
model-1767253013, 1767253033.278, in_sample, 0.67, 0.217
model-1767253013, 1767253033.323, in_sample, 0.63, 0.2068
model-1767253013, 1767253033.367, in_sample, 0.58, 0.2294
model-1767253013, 1767253033.416, in_sample, 0.68, 0.2021
model-1767253013, 1767253033.459, in_sample, 0.7, 0.1989
model-1767253013, 1767253033.503, in_sample, 0.7, 0.2041
model-1767253013, 1767253033.548, in_sample, 0.6, 0.2216
model-1767253013, 1767253033.593, in_sample, 0.75, 0.2073
model-1767253013, 1767253033.635, in_sample, 0.64, 0.2183
model-1767253013, 1767253033.68, in_sample, 0.66, 0.1893
model-1767253013, 1767253033.724, in_sample, 0.75, 0.1835
model-1767253013, 1767253033.767, in_sample, 0.66, 0.2248
model-1767253013, 1767253033.812, in_sample, 0.75, 0.1798
model-1767253013, 1767253033.854, in_sample, 0.7, 0.2022
model-1767253013, 1767253033.898, in_sample, 0.7, 0.1928
model-1767253013, 1767253033.943, in_sample, 0.6, 0.2299
model-1767253013, 1767253033.988, in_sample, 0.64, 0.1949
model-1767253013, 1767253034.032, in_sample, 0.72, 0.1909
model-1767253013, 1767253034.076, in_sample, 0.71, 0.1992
model-1767253013, 1767253034.121, in_sample, 0.76, 0.1781
model-1767253013, 1767253034.165, in_sample, 0.65, 0.2171
model-1767253013, 1767253034.21, in_sample, 0.67, 0.234
model-1767253013, 1767253034.254, in_sample, 0.66, 0.2162
model-1767253013, 1767253034.298, in_sample, 0.76, 0.2037
model-1767253013, 1767253034.343, in_sample, 0.66, 0.2098
model-1767253013, 1767253034.387, in_sample, 0.71, 0.1906
model-1767253013, 1767253034.431, in_sample, 0.67, 0.2149
model-1767253013, 1767253034.476, in_sample, 0.65, 0.2368
model-1767253013, 1767253034.52, in_sample, 0.69, 0.2284
model-1767253013, 1767253034.565, in_sample, 0.62, 0.2081
model-1767253013, 1767253034.61, in_sample, 0.63, 0.227
model-1767253013, 1767253034.654, in_sample, 0.66, 0.2145
model-1767253013, 1767253034.7, in_sample, 0.74, 0.2059
model-1767253013, 1767253034.746, in_sample, 0.73, 0.1877
model-1767253013, 1767253034.789, in_sample, 0.68, 0.2135
model-1767253013, 1767253034.834, in_sample, 0.65, 0.2096
model-1767253013, 1767253034.897, in_sample, 0.63, 0.2368
model-1767253013, 1767253034.941, in_sample, 0.77, 0.1874
model-1767253013, 1767253034.986, in_sample, 0.68, 0.2019
model-1767253013, 1767253035.031, in_sample, 0.79, 0.173
model-1767253013, 1767253035.075, in_sample, 0.73, 0.1779
model-1767253013, 1767253035.12, in_sample, 0.77, 0.1865
model-1767253013, 1767253035.165, in_sample, 0.65, 0.2138
model-1767253013, 1767253035.209, in_sample, 0.7, 0.1957
model-1767253013, 1767253035.252, in_sample, 0.69, 0.2165
model-1767253013, 1767253035.297, in_sample, 0.7, 0.1901
model-1767253013, 1767253035.342, in_sample, 0.66, 0.2106
model-1767253013, 1767253035.386, in_sample, 0.63, 0.2185
model-1767253013, 1767253035.431, in_sample, 0.7, 0.2004
model-1767253013, 1767253035.473, in_sample, 0.69, 0.1846
model-1767253013, 1767253035.516, in_sample, 0.69, 0.191
model-1767253013, 1767253035.56, in_sample, 0.72, 0.1853
model-1767253013, 1767253035.603, in_sample, 0.63, 0.2205
model-1767253013, 1767253035.646, in_sample, 0.69, 0.1983
model-1767253013, 1767253035.69, in_sample, 0.77, 0.1771
model-1767253013, 1767253035.732, in_sample, 0.68, 0.2173
model-1767253013, 1767253035.775, in_sample, 0.73, 0.187
model-1767253013, 1767253035.819, in_sample, 0.67, 0.2099
model-1767253013, 1767253035.861, in_sample, 0.69, 0.1954
model-1767253013, 1767253035.904, in_sample, 0.69, 0.1949
model-1767253013, 1767253035.947, in_sample, 0.71, 0.2116
model-1767253013, 1767253035.99, in_sample, 0.68, 0.1767
model-1767253013, 1767253036.033, in_sample, 0.7, 0.1945
model-1767253013, 1767253036.075, in_sample, 0.78, 0.1468
model-1767253013, 1767253036.118, in_sample, 0.63, 0.2243
model-1767253013, 1767253036.161, in_sample, 0.63, 0.2231
model-1767253013, 1767253036.204, in_sample, 0.71, 0.1894
model-1767253013, 1767253036.247, in_sample, 0.72, 0.2103
model-1767253013, 1767253036.289, in_sample, 0.7, 0.2108
model-1767253013, 1767253036.332, in_sample, 0.64, 0.238
model-1767253013, 1767253036.375, in_sample, 0.7, 0.1926
model-1767253013, 1767253036.418, in_sample, 0.69, 0.2137
model-1767253013, 1767253036.461, in_sample, 0.75, 0.1827
model-1767253013, 1767253036.504, in_sample, 0.75, 0.1756
model-1767253013, 1767253036.547, in_sample, 0.67, 0.2065
model-1767253013, 1767253036.59, in_sample, 0.7, 0.198
model-1767253013, 1767253036.633, in_sample, 0.73, 0.1919
model-1767253013, 1767253036.676, in_sample, 0.76, 0.1759
model-1767253013, 1767253036.719, in_sample, 0.67, 0.2179
model-1767253013, 1767253036.762, in_sample, 0.61, 0.2257
model-1767253013, 1767253036.805, in_sample, 0.71, 0.1934
model-1767253013, 1767253036.852, in_sample, 0.66, 0.2074
model-1767253013, 1767253036.895, in_sample, 0.69, 0.2107
model-1767253013, 1767253036.938, in_sample, 0.74, 0.1808
model-1767253013, 1767253036.981, in_sample, 0.73, 0.1834
model-1767253013, 1767253037.024, in_sample, 0.73, 0.1936
model-1767253013, 1767253037.066, in_sample, 0.72, 0.2112
model-1767253013, 1767253037.11, in_sample, 0.65, 0.1997
model-1767253013, 1767253037.154, in_sample, 0.78, 0.1759
model-1767253013, 1767253037.198, in_sample, 0.64, 0.1831
model-1767253013, 1767253037.242, in_sample, 0.77, 0.1718
model-1767253013, 1767253037.285, in_sample, 0.69, 0.1988
model-1767253013, 1767253037.328, in_sample, 0.58, 0.2235
model-1767253013, 1767253037.371, in_sample, 0.7, 0.2211
model-1767253013, 1767253037.414, in_sample, 0.76, 0.1817
model-1767253013, 1767253037.456, in_sample, 0.67, 0.2018
model-1767253013, 1767253037.5, in_sample, 0.78, 0.1714
model-1767253013, 1767253037.543, in_sample, 0.66, 0.1974
model-1767253013, 1767253037.586, in_sample, 0.63, 0.2173
model-1767253013, 1767253037.629, in_sample, 0.69, 0.1951
model-1767253013, 1767253037.671, in_sample, 0.65, 0.2165
model-1767253013, 1767253037.714, in_sample, 0.7, 0.1891
model-1767253013, 1767253037.757, in_sample, 0.71, 0.1912
model-1767253013, 1767253037.801, in_sample, 0.75, 0.1922
model-1767253013, 1767253037.846, in_sample, 0.72, 0.2072
model-1767253013, 1767253037.891, in_sample, 0.66, 0.1954
model-1767253013, 1767253037.935, in_sample, 0.71, 0.1847
model-1767253013, 1767253037.979, in_sample, 0.74, 0.1857
model-1767253013, 1767253038.025, in_sample, 0.73, 0.1822
model-1767253013, 1767253038.068, in_sample, 0.68, 0.2112
model-1767253013, 1767253038.11, in_sample, 0.72, 0.1759
model-1767253013, 1767253038.154, in_sample, 0.68, 0.2078
model-1767253013, 1767253038.198, in_sample, 0.73, 0.176
model-1767253013, 1767253038.241, in_sample, 0.71, 0.1947
model-1767253013, 1767253038.286, in_sample, 0.7, 0.2005
model-1767253013, 1767253038.329, in_sample, 0.7, 0.2135
model-1767253013, 1767253038.372, in_sample, 0.76, 0.1723
model-1767253013, 1767253038.416, in_sample, 0.74, 0.1962
model-1767253013, 1767253038.458, in_sample, 0.66, 0.2177
model-1767253013, 1767253038.501, in_sample, 0.58, 0.2515
model-1767253013, 1767253038.545, in_sample, 0.71, 0.1879
model-1767253013, 1767253038.588, in_sample, 0.71, 0.1957
model-1767253013, 1767253038.631, in_sample, 0.65, 0.2029
model-1767253013, 1767253038.674, in_sample, 0.71, 0.2008
model-1767253013, 1767253038.717, in_sample, 0.63, 0.2219
model-1767253013, 1767253038.761, in_sample, 0.77, 0.1814
model-1767253013, 1767253038.804, in_sample, 0.64, 0.2086
model-1767253013, 1767253038.847, in_sample, 0.73, 0.1947
model-1767253013, 1767253038.89, in_sample, 0.71, 0.197
model-1767253013, 1767253038.934, in_sample, 0.64, 0.2246
model-1767253013, 1767253038.977, in_sample, 0.7, 0.2043
model-1767253013, 1767253039.02, in_sample, 0.64, 0.2162
model-1767253013, 1767253039.063, in_sample, 0.68, 0.1981
model-1767253013, 1767253039.104, in_sample, 0.69, 0.2184
model-1767253013, 1767253039.146, in_sample, 0.63, 0.2157
model-1767253013, 1767253039.19, in_sample, 0.68, 0.2023
model-1767253013, 1767253039.233, in_sample, 0.69, 0.1946
model-1767253013, 1767253039.275, in_sample, 0.7, 0.209
model-1767253013, 1767253039.318, in_sample, 0.67, 0.1939
model-1767253013, 1767253039.36, in_sample, 0.66, 0.2086
model-1767253013, 1767253039.403, in_sample, 0.74, 0.1932
model-1767253013, 1767253039.446, in_sample, 0.74, 0.1822
model-1767253013, 1767253039.487, in_sample, 0.73, 0.1826
model-1767253013, 1767253039.53, in_sample, 0.68, 0.2052
model-1767253013, 1767253039.574, in_sample, 0.74, 0.1951
model-1767253013, 1767253039.617, in_sample, 0.69, 0.2007
model-1767253013, 1767253039.66, in_sample, 0.76, 0.1918
model-1767253013, 1767253039.703, in_sample, 0.74, 0.1735
model-1767253013, 1767253039.746, in_sample, 0.75, 0.185
model-1767253013, 1767253039.788, in_sample, 0.72, 0.1621
model-1767253013, 1767253039.832, in_sample, 0.68, 0.2017
model-1767253013, 1767253039.874, in_sample, 0.66, 0.1959
model-1767253013, 1767253039.917, in_sample, 0.7, 0.1795
model-1767253013, 1767253039.961, in_sample, 0.72, 0.1834
model-1767253013, 1767253040.004, in_sample, 0.81, 0.1623
model-1767253013, 1767253040.047, in_sample, 0.76, 0.1611
model-1767253013, 1767253040.092, in_sample, 0.72, 0.1839
model-1767253013, 1767253040.134, in_sample, 0.78, 0.1538
model-1767253013, 1767253040.177, in_sample, 0.71, 0.179
model-1767253013, 1767253040.222, in_sample, 0.7, 0.177
model-1767253013, 1767253040.266, in_sample, 0.66, 0.2024
model-1767253013, 1767253040.31, in_sample, 0.69, 0.2057
model-1767253013, 1767253040.355, in_sample, 0.76, 0.157
model-1767253013, 1767253040.399, in_sample, 0.71, 0.1934
model-1767253013, 1767253040.444, in_sample, 0.75, 0.1805
model-1767253013, 1767253040.488, in_sample, 0.71, 0.2
model-1767253013, 1767253040.532, in_sample, 0.7, 0.1715
model-1767253013, 1767253040.576, in_sample, 0.73, 0.1733
model-1767253013, 1767253040.621, in_sample, 0.64, 0.2316
model-1767253013, 1767253040.665, in_sample, 0.76, 0.1693
model-1767253013, 1767253040.707, in_sample, 0.69, 0.1917
model-1767253013, 1767253040.751, in_sample, 0.8, 0.1683
model-1767253013, 1767253040.795, in_sample, 0.69, 0.1908
model-1767253013, 1767253040.839, in_sample, 0.74, 0.1727
model-1767253013, 1767253040.884, in_sample, 0.61, 0.2192
model-1767253013, 1767253040.927, in_sample, 0.69, 0.1989
model-1767253013, 1767253040.972, in_sample, 0.65, 0.2097
model-1767253013, 1767253041.017, in_sample, 0.7, 0.2124
model-1767253013, 1767253041.062, in_sample, 0.72, 0.1731
model-1767253013, 1767253041.106, in_sample, 0.68, 0.1853
model-1767253013, 1767253041.151, in_sample, 0.69, 0.2076
model-1767253013, 1767253041.196, in_sample, 0.76, 0.1732
model-1767253013, 1767253041.24, in_sample, 0.68, 0.2075
model-1767253013, 1767253041.285, in_sample, 0.73, 0.1806
model-1767253013, 1767253041.33, in_sample, 0.83, 0.1506
model-1767253013, 1767253041.374, in_sample, 0.68, 0.1984
model-1767253013, 1767253041.419, in_sample, 0.67, 0.2037
model-1767253013, 1767253041.463, in_sample, 0.69, 0.2085
model-1767253013, 1767253041.508, in_sample, 0.83, 0.1427
model-1767253013, 1767253041.553, in_sample, 0.72, 0.1857
model-1767253013, 1767253041.598, in_sample, 0.7, 0.1915
model-1767253013, 1767253041.642, in_sample, 0.56, 0.2201
model-1767253013, 1767253041.686, in_sample, 0.74, 0.1853
model-1767253013, 1767253041.73, in_sample, 0.72, 0.1857
model-1767253013, 1767253041.774, in_sample, 0.79, 0.1607
model-1767253013, 1767253041.819, in_sample, 0.64, 0.2212
model-1767253013, 1767253041.863, in_sample, 0.72, 0.2066
model-1767253013, 1767253041.907, in_sample, 0.68, 0.2018
model-1767253013, 1767253041.953, in_sample, 0.74, 0.1703
model-1767253013, 1767253041.997, in_sample, 0.75, 0.1806
model-1767253013, 1767253042.042, in_sample, 0.73, 0.1821
model-1767253013, 1767253042.086, in_sample, 0.74, 0.1827
model-1767253013, 1767253042.13, in_sample, 0.75, 0.1632
model-1767253013, 1767253042.174, in_sample, 0.68, 0.2032
model-1767253013, 1767253042.219, in_sample, 0.69, 0.2003
model-1767253013, 1767253042.264, in_sample, 0.74, 0.171
model-1767253013, 1767253042.309, in_sample, 0.76, 0.1644
model-1767253013, 1767253042.354, in_sample, 0.7, 0.1859
model-1767253013, 1767253042.398, in_sample, 0.73, 0.173
model-1767253013, 1767253042.452, in_sample, 0.75, 0.1766
model-1767253013, 1767253042.496, in_sample, 0.76, 0.1491
model-1767253013, 1767253042.54, in_sample, 0.73, 0.1771
model-1767253013, 1767253042.584, in_sample, 0.74, 0.1649
model-1767253013, 1767253042.629, in_sample, 0.69, 0.2181
model-1767253013, 1767253042.674, in_sample, 0.76, 0.1832
model-1767253013, 1767253042.718, in_sample, 0.71, 0.1913
model-1767253013, 1767253042.763, in_sample, 0.77, 0.168
model-1767253013, 1767253042.808, in_sample, 0.69, 0.1983
model-1767253013, 1767253042.853, in_sample, 0.72, 0.1848
model-1767253013, 1767253042.896, in_sample, 0.76, 0.1648
model-1767253013, 1767253042.939, in_sample, 0.68, 0.2061
model-1767253013, 1767253042.982, in_sample, 0.63, 0.2081
model-1767253013, 1767253043.026, in_sample, 0.66, 0.2056
model-1767253013, 1767253043.069, in_sample, 0.62, 0.2268
model-1767253013, 1767253043.112, in_sample, 0.67, 0.2114
model-1767253013, 1767253043.155, in_sample, 0.71, 0.2016
model-1767253013, 1767253043.198, in_sample, 0.7, 0.1877
model-1767253013, 1767253043.241, in_sample, 0.58, 0.2224
model-1767253013, 1767253043.285, in_sample, 0.72, 0.1902
model-1767253013, 1767253043.328, in_sample, 0.76, 0.1763
model-1767253013, 1767253043.372, in_sample, 0.72, 0.1795
model-1767253013, 1767253043.416, in_sample, 0.68, 0.2105
model-1767253013, 1767253043.459, in_sample, 0.76, 0.189
model-1767253013, 1767253043.501, in_sample, 0.64, 0.2042
model-1767253013, 1767253043.545, in_sample, 0.78, 0.174
model-1767253013, 1767253043.588, in_sample, 0.81, 0.1616
model-1767253013, 1767253043.63, in_sample, 0.73, 0.2072
model-1767253013, 1767253043.674, in_sample, 0.77, 0.1639
model-1767253013, 1767253043.717, in_sample, 0.72, 0.176
model-1767253013, 1767253043.76, in_sample, 0.76, 0.1728
model-1767253013, 1767253043.803, in_sample, 0.66, 0.2197
model-1767253013, 1767253043.846, in_sample, 0.74, 0.1706
model-1767253013, 1767253043.889, in_sample, 0.75, 0.1574
model-1767253013, 1767253043.934, in_sample, 0.76, 0.1766
model-1767253013, 1767253043.978, in_sample, 0.78, 0.1601
model-1767253013, 1767253044.023, in_sample, 0.76, 0.1908
model-1767253013, 1767253044.067, in_sample, 0.69, 0.2054
model-1767253013, 1767253044.11, in_sample, 0.7, 0.1872
model-1767253013, 1767253044.154, in_sample, 0.76, 0.1822
model-1767253013, 1767253044.199, in_sample, 0.73, 0.1791
model-1767253013, 1767253044.243, in_sample, 0.79, 0.1538
model-1767253013, 1767253044.288, in_sample, 0.73, 0.1932
model-1767253013, 1767253044.333, in_sample, 0.7, 0.2091
model-1767253013, 1767253044.376, in_sample, 0.66, 0.2161
model-1767253013, 1767253044.417, in_sample, 0.67, 0.198
model-1767253074, 1767253074.811, in_sample, 0.45, 0.2506
model-1767253074, 1767253074.844, in_sample, 0.49, 0.2573
model-1767253074, 1767253074.896, in_sample, 0.49, 0.2503
model-1767253074, 1767253074.947, in_sample, 0.41, 0.2505
model-1767253074, 1767253074.993, in_sample, 0.53, 0.2499
model-1767253074, 1767253075.038, in_sample, 0.5, 0.25
model-1767253074, 1767253075.081, in_sample, 0.42, 0.251
model-1767253074, 1767253075.122, in_sample, 0.6, 0.2499
model-1767253074, 1767253075.167, in_sample, 0.53, 0.2498
model-1767253074, 1767253075.211, in_sample, 0.53, 0.2496
model-1767253074, 1767253075.255, in_sample, 0.55, 0.2487
model-1767253074, 1767253075.299, in_sample, 0.51, 0.2506
model-1767253074, 1767253075.341, in_sample, 0.51, 0.2501
model-1767253074, 1767253075.385, in_sample, 0.51, 0.2499
model-1767253074, 1767253075.428, in_sample, 0.49, 0.2505
model-1767253074, 1767253075.471, in_sample, 0.58, 0.2484
model-1767253074, 1767253075.515, in_sample, 0.46, 0.2507
model-1767253074, 1767253075.559, in_sample, 0.47, 0.2502
model-1767253074, 1767253075.603, in_sample, 0.56, 0.2494
model-1767253074, 1767253075.647, in_sample, 0.65, 0.2489
model-1767253074, 1767253075.691, in_sample, 0.51, 0.2492
model-1767253074, 1767253075.733, in_sample, 0.55, 0.2484
model-1767253074, 1767253075.777, in_sample, 0.46, 0.2523
model-1767253074, 1767253075.821, in_sample, 0.51, 0.2503
model-1767253074, 1767253075.865, in_sample, 0.41, 0.2525
model-1767253074, 1767253075.906, in_sample, 0.39, 0.2521
model-1767253074, 1767253075.95, in_sample, 0.57, 0.249
model-1767253074, 1767253075.995, in_sample, 0.52, 0.2483
model-1767253074, 1767253076.039, in_sample, 0.57, 0.2466
model-1767253074, 1767253076.083, in_sample, 0.54, 0.2456
model-1767253074, 1767253076.128, in_sample, 0.49, 0.2544
model-1767253074, 1767253076.172, in_sample, 0.43, 0.2659
model-1767253074, 1767253076.216, in_sample, 0.47, 0.2554
model-1767253074, 1767253076.261, in_sample, 0.47, 0.2529
model-1767253074, 1767253076.305, in_sample, 0.55, 0.2481
model-1767253074, 1767253076.347, in_sample, 0.55, 0.2488
model-1767253074, 1767253076.392, in_sample, 0.57, 0.2481
model-1767253074, 1767253076.437, in_sample, 0.57, 0.2505
model-1767253074, 1767253076.479, in_sample, 0.57, 0.2478
model-1767253074, 1767253076.524, in_sample, 0.53, 0.251
model-1767253074, 1767253076.567, in_sample, 0.47, 0.2514
model-1767253074, 1767253076.612, in_sample, 0.57, 0.2469
model-1767253074, 1767253076.656, in_sample, 0.5, 0.2485
model-1767253074, 1767253076.7, in_sample, 0.52, 0.2464
model-1767253074, 1767253076.744, in_sample, 0.57, 0.2464
model-1767253074, 1767253076.789, in_sample, 0.52, 0.2446
model-1767253074, 1767253076.834, in_sample, 0.51, 0.2456
model-1767253074, 1767253076.877, in_sample, 0.47, 0.2503
model-1767253074, 1767253076.92, in_sample, 0.52, 0.2462
model-1767253074, 1767253076.964, in_sample, 0.58, 0.2518
model-1767253074, 1767253077.009, in_sample, 0.48, 0.247
model-1767253074, 1767253077.054, in_sample, 0.48, 0.2458
model-1767253074, 1767253077.097, in_sample, 0.5, 0.2377
model-1767253074, 1767253077.141, in_sample, 0.51, 0.2495
model-1767253074, 1767253077.187, in_sample, 0.46, 0.2491
model-1767253074, 1767253077.231, in_sample, 0.66, 0.2437
model-1767253074, 1767253077.278, in_sample, 0.6, 0.2439
model-1767253074, 1767253077.342, in_sample, 0.45, 0.2498
model-1767253074, 1767253077.387, in_sample, 0.57, 0.2451
model-1767253074, 1767253077.434, in_sample, 0.6, 0.2486
model-1767253074, 1767253077.48, in_sample, 0.54, 0.2421
model-1767253074, 1767253077.525, in_sample, 0.56, 0.2477
model-1767253074, 1767253077.569, in_sample, 0.53, 0.2509
model-1767253074, 1767253077.614, in_sample, 0.59, 0.2416
model-1767253074, 1767253077.658, in_sample, 0.5, 0.2451
model-1767253074, 1767253077.7, in_sample, 0.64, 0.2478
model-1767253074, 1767253077.744, in_sample, 0.54, 0.2471
model-1767253074, 1767253077.789, in_sample, 0.52, 0.2495
model-1767253074, 1767253077.833, in_sample, 0.5, 0.2452
model-1767253074, 1767253077.877, in_sample, 0.54, 0.2501
model-1767253074, 1767253077.921, in_sample, 0.52, 0.2378
model-1767253074, 1767253077.966, in_sample, 0.59, 0.2454
model-1767253074, 1767253078.01, in_sample, 0.57, 0.244
model-1767253074, 1767253078.054, in_sample, 0.61, 0.2405
model-1767253074, 1767253078.097, in_sample, 0.55, 0.249
model-1767253074, 1767253078.143, in_sample, 0.51, 0.2628
model-1767253074, 1767253078.187, in_sample, 0.5, 0.2556
model-1767253074, 1767253078.232, in_sample, 0.5, 0.2504
model-1767253074, 1767253078.278, in_sample, 0.51, 0.2443
model-1767253074, 1767253078.324, in_sample, 0.44, 0.2533
model-1767253074, 1767253078.368, in_sample, 0.58, 0.2447
model-1767253074, 1767253078.412, in_sample, 0.48, 0.2504
model-1767253074, 1767253078.456, in_sample, 0.56, 0.2447
model-1767253074, 1767253078.499, in_sample, 0.55, 0.2476
model-1767253074, 1767253078.543, in_sample, 0.51, 0.2492
model-1767253074, 1767253078.587, in_sample, 0.49, 0.2492
model-1767253074, 1767253078.632, in_sample, 0.49, 0.2493
model-1767253074, 1767253078.677, in_sample, 0.57, 0.2468
model-1767253074, 1767253078.721, in_sample, 0.58, 0.2462
model-1767253074, 1767253078.766, in_sample, 0.64, 0.2387
model-1767253074, 1767253078.811, in_sample, 0.56, 0.242
model-1767253074, 1767253078.856, in_sample, 0.58, 0.241
model-1767253074, 1767253078.899, in_sample, 0.61, 0.237
model-1767253074, 1767253078.944, in_sample, 0.63, 0.2432
model-1767253074, 1767253078.988, in_sample, 0.55, 0.2457
model-1767253074, 1767253079.033, in_sample, 0.55, 0.2435
model-1767253074, 1767253079.079, in_sample, 0.55, 0.2483
model-1767253074, 1767253079.123, in_sample, 0.69, 0.2289
model-1767253074, 1767253079.167, in_sample, 0.62, 0.2482
model-1767253074, 1767253079.212, in_sample, 0.65, 0.2278
model-1767253074, 1767253079.256, in_sample, 0.68, 0.2202
model-1767253074, 1767253079.297, in_sample, 0.51, 0.2703
model-1767253074, 1767253079.342, in_sample, 0.6, 0.238
model-1767253074, 1767253079.386, in_sample, 0.62, 0.2295
model-1767253074, 1767253079.431, in_sample, 0.5, 0.2475
model-1767253074, 1767253079.476, in_sample, 0.53, 0.2545
model-1767253074, 1767253079.518, in_sample, 0.6, 0.2498
model-1767253074, 1767253079.563, in_sample, 0.52, 0.268
model-1767253074, 1767253079.608, in_sample, 0.61, 0.2353
model-1767253074, 1767253079.652, in_sample, 0.55, 0.2429
model-1767253074, 1767253079.694, in_sample, 0.58, 0.2331
model-1767253074, 1767253079.739, in_sample, 0.49, 0.2503
model-1767253074, 1767253079.783, in_sample, 0.6, 0.24
model-1767253074, 1767253079.828, in_sample, 0.57, 0.237
model-1767253074, 1767253079.872, in_sample, 0.64, 0.235
model-1767253074, 1767253079.917, in_sample, 0.59, 0.2421
model-1767253074, 1767253079.961, in_sample, 0.56, 0.2382
model-1767253074, 1767253080.005, in_sample, 0.67, 0.2272
model-1767253074, 1767253080.053, in_sample, 0.53, 0.2501
model-1767253074, 1767253080.097, in_sample, 0.67, 0.2277
model-1767253074, 1767253080.142, in_sample, 0.57, 0.2352
model-1767253074, 1767253080.187, in_sample, 0.56, 0.2333
model-1767253074, 1767253080.229, in_sample, 0.5, 0.2505
model-1767253074, 1767253080.278, in_sample, 0.54, 0.2404
model-1767253074, 1767253080.322, in_sample, 0.63, 0.2266
model-1767253074, 1767253080.365, in_sample, 0.58, 0.2269
model-1767253074, 1767253080.411, in_sample, 0.68, 0.2258
model-1767253074, 1767253080.464, in_sample, 0.62, 0.2288
model-1767253074, 1767253080.511, in_sample, 0.53, 0.2492
model-1767253074, 1767253080.558, in_sample, 0.62, 0.2283
model-1767253074, 1767253080.603, in_sample, 0.58, 0.2331
model-1767253074, 1767253080.649, in_sample, 0.59, 0.2399
model-1767253074, 1767253080.694, in_sample, 0.69, 0.2192
model-1767253074, 1767253080.742, in_sample, 0.61, 0.2346
model-1767253074, 1767253080.786, in_sample, 0.53, 0.2429
model-1767253074, 1767253080.832, in_sample, 0.6, 0.2428
model-1767253074, 1767253080.879, in_sample, 0.6, 0.2368
model-1767253074, 1767253080.924, in_sample, 0.66, 0.2216
model-1767253074, 1767253080.969, in_sample, 0.57, 0.2583
model-1767253074, 1767253081.013, in_sample, 0.62, 0.2288
model-1767253074, 1767253081.058, in_sample, 0.55, 0.2401
model-1767253074, 1767253081.154, in_sample, 0.71, 0.2051
model-1767253074, 1767253081.2, in_sample, 0.61, 0.2303
model-1767253074, 1767253081.246, in_sample, 0.68, 0.2153
model-1767253074, 1767253081.292, in_sample, 0.58, 0.2365
model-1767253074, 1767253081.337, in_sample, 0.57, 0.2341
model-1767253074, 1767253081.383, in_sample, 0.66, 0.2208
model-1767253074, 1767253081.428, in_sample, 0.6, 0.2387
model-1767253074, 1767253081.474, in_sample, 0.59, 0.2335
model-1767253074, 1767253081.518, in_sample, 0.62, 0.223
model-1767253074, 1767253081.564, in_sample, 0.63, 0.2205
model-1767253074, 1767253081.61, in_sample, 0.52, 0.2514
model-1767253074, 1767253081.655, in_sample, 0.59, 0.2437
model-1767253074, 1767253081.7, in_sample, 0.61, 0.234
model-1767253074, 1767253081.746, in_sample, 0.57, 0.2306
model-1767253074, 1767253081.791, in_sample, 0.61, 0.2197
model-1767253074, 1767253081.837, in_sample, 0.57, 0.2303
model-1767253074, 1767253081.883, in_sample, 0.59, 0.2352
model-1767253074, 1767253081.927, in_sample, 0.68, 0.2106
model-1767253074, 1767253081.97, in_sample, 0.62, 0.2332
model-1767253074, 1767253082.016, in_sample, 0.61, 0.2309
model-1767253074, 1767253082.06, in_sample, 0.57, 0.246
model-1767253074, 1767253082.106, in_sample, 0.69, 0.2138
model-1767253074, 1767253082.151, in_sample, 0.64, 0.2218
model-1767253074, 1767253082.195, in_sample, 0.53, 0.2437
model-1767253074, 1767253082.24, in_sample, 0.57, 0.2487
model-1767253074, 1767253082.285, in_sample, 0.59, 0.2368
model-1767253074, 1767253082.327, in_sample, 0.68, 0.2225
model-1767253074, 1767253082.372, in_sample, 0.56, 0.2487
model-1767253074, 1767253082.416, in_sample, 0.56, 0.235
model-1767253074, 1767253082.461, in_sample, 0.67, 0.2221
model-1767253074, 1767253082.505, in_sample, 0.55, 0.2366
model-1767253074, 1767253082.55, in_sample, 0.67, 0.2211
model-1767253074, 1767253082.594, in_sample, 0.62, 0.2261
model-1767253074, 1767253082.638, in_sample, 0.54, 0.2424
model-1767253074, 1767253082.683, in_sample, 0.65, 0.2246
model-1767253074, 1767253082.727, in_sample, 0.69, 0.2118
model-1767253074, 1767253082.771, in_sample, 0.56, 0.2433
model-1767253074, 1767253082.816, in_sample, 0.69, 0.2182
model-1767253074, 1767253082.859, in_sample, 0.61, 0.2339
model-1767253074, 1767253082.904, in_sample, 0.67, 0.2092
model-1767253074, 1767253082.947, in_sample, 0.67, 0.2094
model-1767253074, 1767253082.991, in_sample, 0.61, 0.2354
model-1767253074, 1767253083.036, in_sample, 0.62, 0.2251
model-1767253074, 1767253083.08, in_sample, 0.58, 0.2337
model-1767253074, 1767253083.124, in_sample, 0.59, 0.2224
model-1767253074, 1767253083.169, in_sample, 0.58, 0.2279
model-1767253074, 1767253083.213, in_sample, 0.57, 0.2412
model-1767253074, 1767253083.258, in_sample, 0.63, 0.2278
model-1767253074, 1767253083.303, in_sample, 0.65, 0.2109
model-1767253074, 1767253083.346, in_sample, 0.55, 0.2529
model-1767253074, 1767253083.391, in_sample, 0.55, 0.2352
model-1767253074, 1767253083.436, in_sample, 0.61, 0.2291
model-1767253074, 1767253083.481, in_sample, 0.51, 0.2512
model-1767253074, 1767253083.524, in_sample, 0.7, 0.213
model-1767253074, 1767253083.569, in_sample, 0.52, 0.2494
model-1767253074, 1767253083.612, in_sample, 0.57, 0.2294
model-1767253074, 1767253083.655, in_sample, 0.59, 0.2382
model-1767253074, 1767253083.7, in_sample, 0.58, 0.2231
model-1767253074, 1767253083.743, in_sample, 0.65, 0.2237
model-1767253074, 1767253083.787, in_sample, 0.62, 0.2282
model-1767253074, 1767253083.832, in_sample, 0.57, 0.2322
model-1767253074, 1767253083.877, in_sample, 0.61, 0.2368
model-1767253074, 1767253083.921, in_sample, 0.59, 0.2412
model-1767253074, 1767253083.966, in_sample, 0.62, 0.223
model-1767253074, 1767253084.011, in_sample, 0.68, 0.2108
model-1767253074, 1767253084.055, in_sample, 0.58, 0.2354
model-1767253074, 1767253084.1, in_sample, 0.63, 0.2064
model-1767253074, 1767253084.142, in_sample, 0.57, 0.2368
model-1767253074, 1767253084.187, in_sample, 0.74, 0.1961
model-1767253074, 1767253084.232, in_sample, 0.54, 0.2439
model-1767253074, 1767253084.276, in_sample, 0.62, 0.2326
model-1767253074, 1767253084.321, in_sample, 0.64, 0.2285
model-1767253074, 1767253084.366, in_sample, 0.62, 0.2363
model-1767253074, 1767253084.41, in_sample, 0.67, 0.2093
model-1767253074, 1767253084.454, in_sample, 0.56, 0.245
model-1767253074, 1767253084.5, in_sample, 0.6, 0.2393
model-1767253074, 1767253084.543, in_sample, 0.56, 0.2317
model-1767253074, 1767253084.587, in_sample, 0.64, 0.2303
model-1767253074, 1767253084.632, in_sample, 0.64, 0.2222
model-1767253074, 1767253084.678, in_sample, 0.65, 0.2166
model-1767253074, 1767253084.723, in_sample, 0.66, 0.2229
model-1767253074, 1767253084.767, in_sample, 0.62, 0.2468
model-1767253074, 1767253084.811, in_sample, 0.66, 0.2259
model-1767253074, 1767253084.906, in_sample, 0.53, 0.2406
model-1767253074, 1767253084.942, in_sample, 0.52, 0.2441
model-1767253074, 1767253084.994, in_sample, 0.63, 0.2338
model-1767253074, 1767253085.045, in_sample, 0.71, 0.2203
model-1767253074, 1767253085.093, in_sample, 0.66, 0.2168
model-1767253074, 1767253085.138, in_sample, 0.71, 0.227
model-1767253074, 1767253085.182, in_sample, 0.61, 0.2257
model-1767253074, 1767253085.227, in_sample, 0.56, 0.2403
model-1767253074, 1767253085.272, in_sample, 0.66, 0.2148
model-1767253074, 1767253085.317, in_sample, 0.61, 0.228
model-1767253074, 1767253085.361, in_sample, 0.7, 0.2052
model-1767253074, 1767253085.405, in_sample, 0.67, 0.2067
model-1767253074, 1767253085.452, in_sample, 0.66, 0.2283
model-1767253074, 1767253085.499, in_sample, 0.62, 0.2409
model-1767253074, 1767253085.544, in_sample, 0.69, 0.1969
model-1767253074, 1767253085.59, in_sample, 0.61, 0.2356
model-1767253074, 1767253085.637, in_sample, 0.59, 0.2349
model-1767253074, 1767253085.683, in_sample, 0.61, 0.2369
model-1767253074, 1767253085.729, in_sample, 0.58, 0.232
model-1767253074, 1767253085.773, in_sample, 0.7, 0.2098
model-1767253074, 1767253085.817, in_sample, 0.67, 0.2128
model-1767253074, 1767253085.863, in_sample, 0.64, 0.2182
model-1767253074, 1767253085.907, in_sample, 0.66, 0.2105
model-1767253074, 1767253085.951, in_sample, 0.56, 0.2455
model-1767253074, 1767253085.996, in_sample, 0.62, 0.2203
model-1767253074, 1767253086.04, in_sample, 0.67, 0.2089
model-1767253074, 1767253086.085, in_sample, 0.64, 0.2281
model-1767253074, 1767253086.129, in_sample, 0.65, 0.229
model-1767253074, 1767253086.173, in_sample, 0.61, 0.2311
model-1767253074, 1767253086.218, in_sample, 0.65, 0.2217
model-1767253074, 1767253086.265, in_sample, 0.65, 0.2186
model-1767253074, 1767253086.31, in_sample, 0.64, 0.2261
model-1767253074, 1767253086.355, in_sample, 0.64, 0.2195
model-1767253074, 1767253086.4, in_sample, 0.69, 0.2036
model-1767253074, 1767253086.446, in_sample, 0.69, 0.2038
model-1767253074, 1767253086.492, in_sample, 0.54, 0.2489
model-1767253074, 1767253086.538, in_sample, 0.59, 0.248
model-1767253074, 1767253086.583, in_sample, 0.57, 0.2408
model-1767253074, 1767253086.629, in_sample, 0.63, 0.2351
model-1767253074, 1767253086.675, in_sample, 0.64, 0.2266
model-1767253074, 1767253086.721, in_sample, 0.6, 0.2346
model-1767253074, 1767253086.764, in_sample, 0.64, 0.2285
model-1767253074, 1767253086.81, in_sample, 0.57, 0.2521
model-1767253074, 1767253086.855, in_sample, 0.6, 0.2286
model-1767253074, 1767253086.9, in_sample, 0.62, 0.2247
model-1767253074, 1767253086.947, in_sample, 0.55, 0.2551
model-1767253074, 1767253086.991, in_sample, 0.67, 0.2117
model-1767253074, 1767253087.035, in_sample, 0.69, 0.2088
model-1767253074, 1767253087.08, in_sample, 0.65, 0.2248
model-1767253074, 1767253087.125, in_sample, 0.58, 0.2365
model-1767253074, 1767253087.167, in_sample, 0.63, 0.2249
model-1767253074, 1767253087.212, in_sample, 0.54, 0.2428
model-1767253074, 1767253087.256, in_sample, 0.59, 0.2196
model-1767253074, 1767253087.301, in_sample, 0.7, 0.2088
model-1767253074, 1767253087.346, in_sample, 0.62, 0.228
model-1767253074, 1767253087.389, in_sample, 0.66, 0.2125
model-1767253074, 1767253087.433, in_sample, 0.69, 0.2099
model-1767253074, 1767253087.478, in_sample, 0.62, 0.2367
model-1767253074, 1767253087.523, in_sample, 0.58, 0.237
model-1767253074, 1767253087.566, in_sample, 0.65, 0.2184
model-1767253074, 1767253087.611, in_sample, 0.6, 0.2316
model-1767253074, 1767253087.656, in_sample, 0.55, 0.2361
model-1767253074, 1767253087.701, in_sample, 0.64, 0.2184
model-1767253074, 1767253087.746, in_sample, 0.52, 0.247
model-1767253074, 1767253087.79, in_sample, 0.66, 0.2189
model-1767253074, 1767253087.833, in_sample, 0.77, 0.1987
model-1767253074, 1767253087.877, in_sample, 0.63, 0.2181
model-1767253074, 1767253087.92, in_sample, 0.72, 0.2041
model-1767253074, 1767253087.963, in_sample, 0.54, 0.2519
model-1767253074, 1767253088.008, in_sample, 0.59, 0.2415
model-1767253074, 1767253088.052, in_sample, 0.63, 0.2393
model-1767253074, 1767253088.095, in_sample, 0.6, 0.2373
model-1767253074, 1767253088.14, in_sample, 0.65, 0.2368
model-1767253074, 1767253088.185, in_sample, 0.63, 0.2301
model-1767253074, 1767253088.229, in_sample, 0.63, 0.2212
model-1767253074, 1767253088.274, in_sample, 0.64, 0.2199
model-1767253074, 1767253088.317, in_sample, 0.64, 0.231
model-1767253074, 1767253088.361, in_sample, 0.64, 0.2349
model-1767253074, 1767253088.406, in_sample, 0.61, 0.2326
model-1767253074, 1767253088.45, in_sample, 0.64, 0.2203
model-1767253074, 1767253088.495, in_sample, 0.55, 0.2483
model-1767253074, 1767253088.54, in_sample, 0.59, 0.2294
model-1767253074, 1767253088.585, in_sample, 0.49, 0.2596
model-1767253074, 1767253088.629, in_sample, 0.66, 0.2136
model-1767253074, 1767253088.674, in_sample, 0.64, 0.2321
model-1767253074, 1767253088.717, in_sample, 0.57, 0.2411
model-1767253074, 1767253088.76, in_sample, 0.62, 0.2279
model-1767253074, 1767253088.808, in_sample, 0.63, 0.2154
model-1767253074, 1767253088.852, in_sample, 0.58, 0.2284
model-1767253074, 1767253088.896, in_sample, 0.64, 0.222
model-1767253074, 1767253088.941, in_sample, 0.64, 0.2211
model-1767253074, 1767253088.985, in_sample, 0.67, 0.225
model-1767253074, 1767253089.03, in_sample, 0.67, 0.2212
model-1767253074, 1767253089.075, in_sample, 0.7, 0.2084
model-1767253074, 1767253089.12, in_sample, 0.71, 0.2114
model-1767253074, 1767253089.163, in_sample, 0.64, 0.2334
model-1767253074, 1767253089.208, in_sample, 0.79, 0.2032
model-1767253074, 1767253089.253, in_sample, 0.62, 0.2297
model-1767253074, 1767253089.297, in_sample, 0.7, 0.2019
model-1767253074, 1767253089.342, in_sample, 0.66, 0.2249
model-1767253074, 1767253089.385, in_sample, 0.54, 0.2381
model-1767253074, 1767253089.429, in_sample, 0.68, 0.2109
model-1767253074, 1767253089.474, in_sample, 0.62, 0.2425
model-1767253074, 1767253089.519, in_sample, 0.6, 0.242
model-1767253074, 1767253089.562, in_sample, 0.61, 0.2243
model-1767253074, 1767253089.607, in_sample, 0.72, 0.205
model-1767253074, 1767253089.652, in_sample, 0.59, 0.2354
model-1767253074, 1767253089.696, in_sample, 0.66, 0.2141
model-1767253074, 1767253089.741, in_sample, 0.61, 0.247
model-1767253074, 1767253089.783, in_sample, 0.63, 0.2281
model-1767253074, 1767253089.828, in_sample, 0.6, 0.2352
model-1767253074, 1767253089.872, in_sample, 0.68, 0.2177
model-1767253074, 1767253089.917, in_sample, 0.6, 0.2267
model-1767253074, 1767253089.962, in_sample, 0.7, 0.2146
model-1767253074, 1767253090.006, in_sample, 0.6, 0.2377
model-1767253074, 1767253090.05, in_sample, 0.68, 0.2025
model-1767253074, 1767253090.093, in_sample, 0.65, 0.2112
model-1767253074, 1767253090.162, in_sample, 0.72, 0.2118
model-1767253074, 1767253090.207, in_sample, 0.71, 0.1955
model-1767253074, 1767253090.251, in_sample, 0.6, 0.2314
model-1767253074, 1767253090.296, in_sample, 0.7, 0.1999
model-1767253074, 1767253090.341, in_sample, 0.58, 0.2401
model-1767253074, 1767253090.384, in_sample, 0.71, 0.2061
model-1767253074, 1767253090.429, in_sample, 0.69, 0.2138
model-1767253074, 1767253090.473, in_sample, 0.66, 0.2148
model-1767253074, 1767253090.517, in_sample, 0.69, 0.2006
model-1767253074, 1767253090.563, in_sample, 0.66, 0.2004
model-1767253074, 1767253090.607, in_sample, 0.71, 0.1919
model-1767253074, 1767253090.649, in_sample, 0.75, 0.1876
model-1767253074, 1767253090.694, in_sample, 0.64, 0.2104
model-1767253074, 1767253090.739, in_sample, 0.69, 0.1995
model-1767253074, 1767253090.782, in_sample, 0.6, 0.2364
model-1767253074, 1767253090.827, in_sample, 0.65, 0.2308
model-1767253074, 1767253090.871, in_sample, 0.72, 0.1798
model-1767253074, 1767253090.915, in_sample, 0.73, 0.1983
model-1767253074, 1767253090.96, in_sample, 0.65, 0.2239
model-1767253074, 1767253091.004, in_sample, 0.62, 0.2308
model-1767253074, 1767253091.048, in_sample, 0.7, 0.1974
model-1767253074, 1767253091.094, in_sample, 0.67, 0.2015
model-1767253074, 1767253091.138, in_sample, 0.6, 0.2444
model-1767253074, 1767253091.181, in_sample, 0.65, 0.2053
model-1767253074, 1767253091.226, in_sample, 0.59, 0.2318
model-1767253074, 1767253091.271, in_sample, 0.7, 0.196
model-1767253074, 1767253091.315, in_sample, 0.66, 0.2101
model-1767253074, 1767253091.362, in_sample, 0.69, 0.1932
model-1767253074, 1767253091.406, in_sample, 0.61, 0.2368
model-1767253074, 1767253091.45, in_sample, 0.62, 0.2162
model-1767253074, 1767253091.495, in_sample, 0.64, 0.2171
model-1767253074, 1767253091.54, in_sample, 0.67, 0.2246
model-1767253074, 1767253091.582, in_sample, 0.65, 0.2204
model-1767253074, 1767253091.627, in_sample, 0.66, 0.2217
model-1767253074, 1767253091.672, in_sample, 0.65, 0.214
model-1767253074, 1767253091.716, in_sample, 0.67, 0.209
model-1767253074, 1767253091.762, in_sample, 0.61, 0.2365
model-1767253074, 1767253091.806, in_sample, 0.69, 0.2099
model-1767253074, 1767253091.85, in_sample, 0.64, 0.2104
model-1767253074, 1767253091.895, in_sample, 0.65, 0.2
model-1767253074, 1767253091.94, in_sample, 0.68, 0.2008
model-1767253074, 1767253091.983, in_sample, 0.61, 0.226
model-1767253074, 1767253092.028, in_sample, 0.68, 0.194
model-1767253074, 1767253092.073, in_sample, 0.65, 0.218
model-1767253074, 1767253092.118, in_sample, 0.68, 0.2109
model-1767253074, 1767253092.163, in_sample, 0.62, 0.2368
model-1767253074, 1767253092.208, in_sample, 0.71, 0.2014
model-1767253074, 1767253092.252, in_sample, 0.69, 0.1968
model-1767253074, 1767253092.297, in_sample, 0.57, 0.239
model-1767253074, 1767253092.341, in_sample, 0.57, 0.2258
model-1767253074, 1767253092.385, in_sample, 0.7, 0.2229
model-1767253074, 1767253092.43, in_sample, 0.73, 0.197
model-1767253074, 1767253092.474, in_sample, 0.7, 0.2205
model-1767253074, 1767253092.518, in_sample, 0.62, 0.2129
model-1767253074, 1767253092.563, in_sample, 0.7, 0.1983
model-1767253074, 1767253092.608, in_sample, 0.65, 0.2155
model-1767253074, 1767253092.652, in_sample, 0.73, 0.192
model-1767253074, 1767253092.697, in_sample, 0.67, 0.2065
model-1767253074, 1767253092.741, in_sample, 0.64, 0.2241
model-1767253074, 1767253092.785, in_sample, 0.71, 0.1948
model-1767253074, 1767253092.83, in_sample, 0.72, 0.187
model-1767253074, 1767253092.875, in_sample, 0.57, 0.2329
model-1767253074, 1767253092.919, in_sample, 0.73, 0.1931
model-1767253074, 1767253092.964, in_sample, 0.72, 0.2046
model-1767253074, 1767253093.009, in_sample, 0.76, 0.1799
model-1767253074, 1767253093.053, in_sample, 0.71, 0.1919
model-1767253074, 1767253093.098, in_sample, 0.64, 0.2209
model-1767253074, 1767253093.142, in_sample, 0.63, 0.226
model-1767253074, 1767253093.186, in_sample, 0.67, 0.2187
model-1767253074, 1767253093.231, in_sample, 0.71, 0.2118
model-1767253074, 1767253093.276, in_sample, 0.74, 0.1855
model-1767253074, 1767253093.321, in_sample, 0.68, 0.2035
model-1767253074, 1767253093.366, in_sample, 0.68, 0.207
model-1767253074, 1767253093.411, in_sample, 0.69, 0.2011
model-1767253074, 1767253093.455, in_sample, 0.57, 0.2293
model-1767253074, 1767253093.499, in_sample, 0.69, 0.2017
model-1767253074, 1767253093.544, in_sample, 0.63, 0.2186
model-1767253074, 1767253093.587, in_sample, 0.6, 0.2324
model-1767253074, 1767253093.632, in_sample, 0.71, 0.2046
model-1767253074, 1767253093.677, in_sample, 0.63, 0.2232
model-1767253074, 1767253093.721, in_sample, 0.7, 0.1905
model-1767253074, 1767253093.765, in_sample, 0.63, 0.2266
model-1767253074, 1767253093.808, in_sample, 0.68, 0.204
model-1767253074, 1767253093.851, in_sample, 0.74, 0.2089
model-1767253074, 1767253093.895, in_sample, 0.7, 0.202
model-1767253074, 1767253093.939, in_sample, 0.62, 0.2179
model-1767253074, 1767253093.982, in_sample, 0.73, 0.1884
model-1767253074, 1767253094.026, in_sample, 0.68, 0.2233
model-1767253074, 1767253094.068, in_sample, 0.69, 0.2051
model-1767253074, 1767253094.111, in_sample, 0.72, 0.1844
model-1767253074, 1767253094.154, in_sample, 0.69, 0.2103
model-1767253074, 1767253094.197, in_sample, 0.71, 0.1817
model-1767253074, 1767253094.24, in_sample, 0.67, 0.2117
model-1767253074, 1767253094.285, in_sample, 0.69, 0.1976
model-1767253074, 1767253094.33, in_sample, 0.62, 0.2242
model-1767253074, 1767253094.375, in_sample, 0.73, 0.182
model-1767253074, 1767253094.42, in_sample, 0.69, 0.1884
model-1767253074, 1767253094.464, in_sample, 0.73, 0.202
model-1767253074, 1767253094.509, in_sample, 0.7, 0.2067
model-1767253074, 1767253094.554, in_sample, 0.73, 0.1956
model-1767253074, 1767253094.598, in_sample, 0.66, 0.2218
model-1767253074, 1767253094.642, in_sample, 0.66, 0.216
model-1767253074, 1767253094.687, in_sample, 0.74, 0.2032
model-1767253074, 1767253094.732, in_sample, 0.67, 0.2021
model-1767253074, 1767253094.776, in_sample, 0.76, 0.1815
model-1767253074, 1767253094.819, in_sample, 0.72, 0.2008
model-1767253074, 1767253094.863, in_sample, 0.64, 0.2193
model-1767253074, 1767253094.908, in_sample, 0.73, 0.1785
model-1767253074, 1767253094.954, in_sample, 0.63, 0.22
model-1767253074, 1767253095.002, in_sample, 0.73, 0.1964
model-1767253074, 1767253095.048, in_sample, 0.7, 0.2126
model-1767253074, 1767253095.093, in_sample, 0.64, 0.2093
model-1767253074, 1767253095.138, in_sample, 0.71, 0.1821
model-1767253074, 1767253095.184, in_sample, 0.7, 0.194
model-1767253074, 1767253095.227, in_sample, 0.69, 0.1946
model-1767253074, 1767253095.271, in_sample, 0.73, 0.1995
model-1767253074, 1767253095.317, in_sample, 0.73, 0.1877
model-1767253074, 1767253095.362, in_sample, 0.65, 0.2135
model-1767253074, 1767253095.408, in_sample, 0.74, 0.1749
model-1767253074, 1767253095.453, in_sample, 0.74, 0.1759
model-1767253074, 1767253095.498, in_sample, 0.69, 0.1847
model-1767253074, 1767253095.543, in_sample, 0.64, 0.2235
model-1767253074, 1767253095.588, in_sample, 0.76, 0.1799
model-1767253074, 1767253095.632, in_sample, 0.61, 0.2246
model-1767253074, 1767253095.678, in_sample, 0.66, 0.2256
model-1767253074, 1767253095.722, in_sample, 0.69, 0.2076
model-1767253074, 1767253095.766, in_sample, 0.66, 0.2126
model-1767253074, 1767253095.81, in_sample, 0.71, 0.1908
model-1767253074, 1767253095.854, in_sample, 0.75, 0.1786
model-1767253074, 1767253095.899, in_sample, 0.64, 0.2227
model-1767253074, 1767253095.944, in_sample, 0.68, 0.1748
model-1767253074, 1767253095.989, in_sample, 0.64, 0.204
model-1767253074, 1767253096.033, in_sample, 0.77, 0.1783
model-1767253074, 1767253096.078, in_sample, 0.74, 0.1701
model-1767253074, 1767253096.123, in_sample, 0.75, 0.1893
model-1767253074, 1767253096.168, in_sample, 0.71, 0.1885
model-1767253074, 1767253096.212, in_sample, 0.63, 0.2123
model-1767253074, 1767253096.256, in_sample, 0.74, 0.1869
model-1767253074, 1767253096.3, in_sample, 0.68, 0.1971
model-1767253074, 1767253096.346, in_sample, 0.7, 0.1985
model-1767253074, 1767253096.39, in_sample, 0.73, 0.1844
model-1767253074, 1767253096.433, in_sample, 0.68, 0.1976
model-1767253074, 1767253096.478, in_sample, 0.7, 0.1718
model-1767253074, 1767253096.522, in_sample, 0.74, 0.1944
model-1767253074, 1767253096.567, in_sample, 0.7, 0.201
model-1767253074, 1767253096.612, in_sample, 0.75, 0.1704
model-1767253074, 1767253096.656, in_sample, 0.73, 0.195
model-1767253074, 1767253096.7, in_sample, 0.67, 0.2174
model-1767253074, 1767253096.745, in_sample, 0.68, 0.219
model-1767253074, 1767253096.79, in_sample, 0.71, 0.1873
model-1767253074, 1767253096.834, in_sample, 0.68, 0.209
model-1767253074, 1767253096.879, in_sample, 0.7, 0.2004
model-1767253074, 1767253096.923, in_sample, 0.8, 0.1595
model-1767253074, 1767253096.968, in_sample, 0.68, 0.2161
model-1767253074, 1767253097.015, in_sample, 0.7, 0.1856
model-1767253074, 1767253097.058, in_sample, 0.72, 0.1891
model-1767253074, 1767253097.103, in_sample, 0.76, 0.1731
model-1767253074, 1767253097.148, in_sample, 0.6, 0.2353
model-1767253074, 1767253097.193, in_sample, 0.58, 0.2158
model-1767253074, 1767253097.236, in_sample, 0.71, 0.1929
model-1767253074, 1767253097.281, in_sample, 0.73, 0.1946
model-1767253074, 1767253097.326, in_sample, 0.75, 0.1603
model-1767253074, 1767253097.37, in_sample, 0.71, 0.1864
model-1767253074, 1767253097.415, in_sample, 0.77, 0.1761
model-1767253074, 1767253097.46, in_sample, 0.73, 0.1794
model-1767253074, 1767253097.504, in_sample, 0.64, 0.2126
model-1767253074, 1767253097.549, in_sample, 0.63, 0.229
model-1767253074, 1767253097.594, in_sample, 0.71, 0.1896
model-1767253074, 1767253097.638, in_sample, 0.73, 0.1903
model-1767253074, 1767253097.683, in_sample, 0.72, 0.1855
model-1767253074, 1767253097.727, in_sample, 0.7, 0.184
model-1767253074, 1767253097.772, in_sample, 0.64, 0.2199
model-1767253074, 1767253097.817, in_sample, 0.67, 0.2135
model-1767253074, 1767253097.858, in_sample, 0.73, 0.1893
model-1767253074, 1767253097.903, in_sample, 0.64, 0.2201
model-1767253074, 1767253097.947, in_sample, 0.66, 0.1895
model-1767253074, 1767253097.992, in_sample, 0.59, 0.2231
model-1767253074, 1767253098.036, in_sample, 0.64, 0.2184
model-1767253074, 1767253098.081, in_sample, 0.69, 0.1984
model-1767253074, 1767253098.125, in_sample, 0.68, 0.2111
model-1767253074, 1767253098.17, in_sample, 0.73, 0.2068
model-1767253074, 1767253098.215, in_sample, 0.73, 0.1959
model-1767253074, 1767253098.259, in_sample, 0.67, 0.208
model-1767253074, 1767253098.303, in_sample, 0.63, 0.2245
model-1767253074, 1767253098.348, in_sample, 0.66, 0.199
model-1767253074, 1767253098.393, in_sample, 0.74, 0.1946
model-1767253074, 1767253098.437, in_sample, 0.77, 0.192
model-1767253074, 1767253098.482, in_sample, 0.72, 0.1861
model-1767253074, 1767253098.527, in_sample, 0.67, 0.2224
model-1767253074, 1767253098.571, in_sample, 0.75, 0.1737
model-1767253074, 1767253098.617, in_sample, 0.61, 0.2173
model-1767253074, 1767253098.661, in_sample, 0.7, 0.1985
model-1767253074, 1767253098.706, in_sample, 0.75, 0.1868
model-1767253074, 1767253098.751, in_sample, 0.69, 0.2036
model-1767253074, 1767253098.798, in_sample, 0.74, 0.1931
model-1767253074, 1767253098.841, in_sample, 0.73, 0.1826
model-1767253074, 1767253098.886, in_sample, 0.66, 0.2007
model-1767253074, 1767253098.929, in_sample, 0.75, 0.181
model-1767253074, 1767253098.973, in_sample, 0.65, 0.2045
model-1767253074, 1767253099.018, in_sample, 0.72, 0.1862
model-1767253074, 1767253099.063, in_sample, 0.68, 0.2127
model-1767253074, 1767253099.107, in_sample, 0.7, 0.1854
model-1767253074, 1767253099.152, in_sample, 0.73, 0.1846
model-1767253074, 1767253099.197, in_sample, 0.64, 0.2431
model-1767253074, 1767253099.24, in_sample, 0.73, 0.1779
model-1767253074, 1767253099.285, in_sample, 0.68, 0.2026
model-1767253074, 1767253099.33, in_sample, 0.75, 0.1672
model-1767253074, 1767253099.374, in_sample, 0.67, 0.2299
model-1767253074, 1767253099.42, in_sample, 0.73, 0.1771
model-1767253074, 1767253099.465, in_sample, 0.8, 0.1644
model-1767253074, 1767253099.509, in_sample, 0.63, 0.2338
model-1767253074, 1767253099.555, in_sample, 0.74, 0.1937
model-1767253074, 1767253099.599, in_sample, 0.69, 0.2076
model-1767253074, 1767253099.641, in_sample, 0.71, 0.193
model-1767253074, 1767253099.686, in_sample, 0.65, 0.2182
model-1767253074, 1767253099.73, in_sample, 0.69, 0.1899
model-1767253074, 1767253099.775, in_sample, 0.63, 0.2202
model-1767253074, 1767253099.82, in_sample, 0.7, 0.1845
model-1767253074, 1767253099.865, in_sample, 0.72, 0.1967
model-1767253074, 1767253099.909, in_sample, 0.75, 0.1837
model-1767253074, 1767253099.954, in_sample, 0.72, 0.1822
model-1767253074, 1767253099.999, in_sample, 0.74, 0.1836
model-1767253074, 1767253100.042, in_sample, 0.66, 0.192
model-1767253074, 1767253100.087, in_sample, 0.7, 0.1852
model-1767253074, 1767253100.131, in_sample, 0.71, 0.186
model-1767253074, 1767253100.176, in_sample, 0.65, 0.2082
model-1767253074, 1767253100.221, in_sample, 0.74, 0.1778
model-1767253074, 1767253100.265, in_sample, 0.74, 0.166
model-1767253074, 1767253100.31, in_sample, 0.77, 0.1628
model-1767253074, 1767253100.355, in_sample, 0.71, 0.1916
model-1767253074, 1767253100.4, in_sample, 0.73, 0.1873
model-1767253074, 1767253100.444, in_sample, 0.74, 0.1674
model-1767253074, 1767253100.488, in_sample, 0.7, 0.1876
model-1767253074, 1767253100.533, in_sample, 0.74, 0.1922
model-1767253074, 1767253100.578, in_sample, 0.78, 0.1538
model-1767253074, 1767253100.622, in_sample, 0.76, 0.1717
model-1767253074, 1767253100.667, in_sample, 0.8, 0.152
model-1767253074, 1767253100.711, in_sample, 0.78, 0.1659
model-1767253074, 1767253100.756, in_sample, 0.82, 0.1675
model-1767253074, 1767253100.801, in_sample, 0.69, 0.2
model-1767253074, 1767253100.844, in_sample, 0.7, 0.215
model-1767253074, 1767253100.886, in_sample, 0.74, 0.1667
model-1767253074, 1767253100.927, in_sample, 0.71, 0.1814
model-1767253074, 1767253100.969, in_sample, 0.73, 0.1817
model-1767253074, 1767253101.023, in_sample, 0.74, 0.1872
model-1767253074, 1767253101.069, in_sample, 0.72, 0.1868
model-1767253074, 1767253101.111, in_sample, 0.8, 0.1577
model-1767253074, 1767253101.154, in_sample, 0.63, 0.2264
model-1767253074, 1767253101.197, in_sample, 0.77, 0.1757
model-1767253074, 1767253101.238, in_sample, 0.74, 0.1991
model-1767253074, 1767253101.282, in_sample, 0.8, 0.1542
model-1767253074, 1767253101.325, in_sample, 0.71, 0.1831
model-1767253074, 1767253101.368, in_sample, 0.81, 0.1513
model-1767253074, 1767253101.412, in_sample, 0.63, 0.2201
model-1767253074, 1767253101.455, in_sample, 0.72, 0.1974
model-1767253074, 1767253101.499, in_sample, 0.66, 0.2078
model-1767253074, 1767253101.545, in_sample, 0.76, 0.1663
model-1767253074, 1767253101.589, in_sample, 0.73, 0.1848
model-1767253074, 1767253101.634, in_sample, 0.66, 0.221
model-1767253074, 1767253101.679, in_sample, 0.67, 0.2163
model-1767253074, 1767253101.724, in_sample, 0.79, 0.1739
model-1767253074, 1767253101.768, in_sample, 0.77, 0.1873
model-1767253074, 1767253101.813, in_sample, 0.72, 0.1846
model-1767253074, 1767253101.855, in_sample, 0.77, 0.1736
model-1767253074, 1767253101.9, in_sample, 0.72, 0.1707
model-1767253074, 1767253101.945, in_sample, 0.71, 0.1806
model-1767253074, 1767253101.989, in_sample, 0.63, 0.2303
model-1767253074, 1767253102.034, in_sample, 0.76, 0.1673
model-1767253074, 1767253102.08, in_sample, 0.74, 0.1777
model-1767253074, 1767253102.124, in_sample, 0.7, 0.1925
model-1767253074, 1767253102.178, in_sample, 0.65, 0.2211
model-1767253074, 1767253102.223, in_sample, 0.68, 0.1966
model-1767253074, 1767253102.267, in_sample, 0.73, 0.173
model-1767253074, 1767253102.311, in_sample, 0.69, 0.2048
model-1767253074, 1767253102.355, in_sample, 0.67, 0.203
model-1767253074, 1767253102.4, in_sample, 0.69, 0.1987
model-1767253074, 1767253102.445, in_sample, 0.78, 0.1632
model-1767253074, 1767253102.489, in_sample, 0.74, 0.1853
model-1767253074, 1767253102.534, in_sample, 0.73, 0.1885
model-1767253074, 1767253102.578, in_sample, 0.73, 0.1718
model-1767253074, 1767253102.624, in_sample, 0.68, 0.1931
model-1767253074, 1767253102.667, in_sample, 0.76, 0.1551
model-1767253074, 1767253102.712, in_sample, 0.69, 0.2082
model-1767253074, 1767253102.756, in_sample, 0.72, 0.2063
model-1767253074, 1767253102.801, in_sample, 0.76, 0.1793
model-1767253074, 1767253102.845, in_sample, 0.75, 0.175
model-1767253074, 1767253102.921, in_sample, 0.69, 0.1967
model-1767253074, 1767253102.965, in_sample, 0.72, 0.1687
model-1767253074, 1767253103.01, in_sample, 0.73, 0.1764
model-1767253074, 1767253103.053, in_sample, 0.79, 0.1596
model-1767253074, 1767253103.098, in_sample, 0.73, 0.1828
model-1767253074, 1767253103.142, in_sample, 0.69, 0.1942
model-1767253074, 1767253103.188, in_sample, 0.67, 0.2021
model-1767253074, 1767253103.232, in_sample, 0.8, 0.1555
model-1767253074, 1767253103.277, in_sample, 0.72, 0.1836
model-1767253074, 1767253103.321, in_sample, 0.76, 0.1661
model-1767253074, 1767253103.366, in_sample, 0.72, 0.1792
model-1767253074, 1767253103.412, in_sample, 0.76, 0.18
model-1767253074, 1767253103.456, in_sample, 0.73, 0.1671
model-1767253074, 1767253103.501, in_sample, 0.68, 0.2037
model-1767253074, 1767253103.545, in_sample, 0.67, 0.1992
model-1767253074, 1767253103.59, in_sample, 0.71, 0.18
model-1767253074, 1767253103.635, in_sample, 0.64, 0.2192
model-1767253074, 1767253103.679, in_sample, 0.69, 0.1958
model-1767253074, 1767253103.724, in_sample, 0.71, 0.1866
model-1767253074, 1767253103.769, in_sample, 0.76, 0.1617
model-1767253074, 1767253103.814, in_sample, 0.7, 0.2058
model-1767253074, 1767253103.859, in_sample, 0.72, 0.1967
model-1767253074, 1767253103.902, in_sample, 0.73, 0.1826
model-1767253074, 1767253103.944, in_sample, 0.8, 0.1656
model-1767253074, 1767253103.988, in_sample, 0.77, 0.1834
model-1767253074, 1767253104.031, in_sample, 0.77, 0.162
model-1767253074, 1767253104.073, in_sample, 0.71, 0.2021
model-1767253074, 1767253104.115, in_sample, 0.74, 0.1725
model-1767253074, 1767253104.158, in_sample, 0.75, 0.1666
model-1767253074, 1767253104.201, in_sample, 0.75, 0.1753
model-1767253074, 1767253104.245, in_sample, 0.73, 0.1648
model-1767253074, 1767253104.288, in_sample, 0.72, 0.1885
model-1767253074, 1767253104.331, in_sample, 0.69, 0.1824
model-1767253074, 1767253104.374, in_sample, 0.65, 0.2137
model-1767253074, 1767253104.417, in_sample, 0.79, 0.1532
model-1767253074, 1767253104.46, in_sample, 0.8, 0.1571
model-1767253074, 1767253104.503, in_sample, 0.79, 0.1622
model-1767253074, 1767253104.546, in_sample, 0.75, 0.1839
model-1767253074, 1767253104.591, in_sample, 0.72, 0.1655
model-1767253074, 1767253104.636, in_sample, 0.69, 0.2024
model-1767253074, 1767253104.678, in_sample, 0.7, 0.1824
model-1767253074, 1767253104.721, in_sample, 0.72, 0.1893
model-1767253074, 1767253104.764, in_sample, 0.75, 0.1609
model-1767253074, 1767253104.808, in_sample, 0.81, 0.1347
model-1767253074, 1767253104.85, in_sample, 0.77, 0.1695
model-1767253074, 1767253104.894, in_sample, 0.66, 0.2051
model-1767253074, 1767253104.937, in_sample, 0.76, 0.1768
model-1767253074, 1767253104.979, in_sample, 0.73, 0.1897
model-1767253165, 1767253166.316, in_sample, 0.45, 0.2506
model-1767253165, 1767253166.353, in_sample, 0.49, 0.2543
model-1767253165, 1767253166.414, in_sample, 0.49, 0.2501
model-1767253165, 1767253166.46, in_sample, 0.43, 0.2515
model-1767253165, 1767253166.504, in_sample, 0.59, 0.2498
model-1767253165, 1767253166.547, in_sample, 0.5, 0.25
model-1767253165, 1767253166.59, in_sample, 0.42, 0.2517
model-1767253165, 1767253166.63, in_sample, 0.48, 0.2501
model-1767253165, 1767253166.675, in_sample, 0.48, 0.25
model-1767253165, 1767253166.72, in_sample, 0.53, 0.2498
model-1767253165, 1767253166.764, in_sample, 0.55, 0.2493
model-1767253165, 1767253166.806, in_sample, 0.51, 0.2496
model-1767253165, 1767253166.851, in_sample, 0.51, 0.2497
model-1767253165, 1767253166.895, in_sample, 0.51, 0.249
model-1767253165, 1767253166.939, in_sample, 0.49, 0.2507
model-1767253165, 1767253166.984, in_sample, 0.58, 0.2466
model-1767253165, 1767253167.028, in_sample, 0.46, 0.2523
model-1767253165, 1767253167.07, in_sample, 0.47, 0.2501
model-1767253165, 1767253167.115, in_sample, 0.52, 0.2489
model-1767253165, 1767253167.159, in_sample, 0.58, 0.2457
model-1767253165, 1767253167.201, in_sample, 0.51, 0.2478
model-1767253165, 1767253167.245, in_sample, 0.55, 0.2472
model-1767253165, 1767253167.288, in_sample, 0.46, 0.2482
model-1767253165, 1767253167.331, in_sample, 0.51, 0.2499
model-1767253165, 1767253167.375, in_sample, 0.41, 0.2517
model-1767253165, 1767253167.419, in_sample, 0.45, 0.2592
model-1767253165, 1767253167.463, in_sample, 0.59, 0.2472
model-1767253165, 1767253167.508, in_sample, 0.58, 0.2454
model-1767253165, 1767253167.552, in_sample, 0.59, 0.2444
model-1767253165, 1767253167.595, in_sample, 0.59, 0.2432
model-1767253165, 1767253167.64, in_sample, 0.52, 0.2498
model-1767253165, 1767253167.684, in_sample, 0.45, 0.264
model-1767253165, 1767253167.729, in_sample, 0.48, 0.253
model-1767253165, 1767253167.774, in_sample, 0.47, 0.2534
model-1767253165, 1767253167.815, in_sample, 0.55, 0.2479
model-1767253165, 1767253167.859, in_sample, 0.53, 0.2492
model-1767253165, 1767253167.905, in_sample, 0.54, 0.2423
model-1767253165, 1767253167.949, in_sample, 0.56, 0.2544
model-1767253165, 1767253167.993, in_sample, 0.54, 0.244
model-1767253165, 1767253168.038, in_sample, 0.51, 0.2546
model-1767253165, 1767253168.082, in_sample, 0.51, 0.2532
model-1767253165, 1767253168.126, in_sample, 0.52, 0.2445
model-1767253165, 1767253168.171, in_sample, 0.54, 0.2461
model-1767253165, 1767253168.215, in_sample, 0.61, 0.2433
model-1767253165, 1767253168.284, in_sample, 0.54, 0.2452
model-1767253165, 1767253168.331, in_sample, 0.55, 0.2422
model-1767253165, 1767253168.376, in_sample, 0.59, 0.2448
model-1767253165, 1767253168.419, in_sample, 0.59, 0.249
model-1767253165, 1767253168.464, in_sample, 0.57, 0.2452
model-1767253165, 1767253168.508, in_sample, 0.47, 0.2522
model-1767253165, 1767253168.551, in_sample, 0.58, 0.2454
model-1767253165, 1767253168.596, in_sample, 0.53, 0.2434
model-1767253165, 1767253168.64, in_sample, 0.64, 0.2352
model-1767253165, 1767253168.684, in_sample, 0.5, 0.2507
model-1767253165, 1767253168.729, in_sample, 0.46, 0.2505
model-1767253165, 1767253168.773, in_sample, 0.67, 0.2399
model-1767253165, 1767253168.815, in_sample, 0.62, 0.2412
model-1767253165, 1767253168.864, in_sample, 0.43, 0.2528
model-1767253165, 1767253168.921, in_sample, 0.61, 0.2406
model-1767253165, 1767253168.967, in_sample, 0.59, 0.2458
model-1767253165, 1767253169.013, in_sample, 0.53, 0.2413
model-1767253165, 1767253169.057, in_sample, 0.58, 0.2441
model-1767253165, 1767253169.101, in_sample, 0.52, 0.2559
model-1767253165, 1767253169.146, in_sample, 0.58, 0.2391
model-1767253165, 1767253169.189, in_sample, 0.54, 0.2407
model-1767253165, 1767253169.234, in_sample, 0.64, 0.2446
model-1767253165, 1767253169.278, in_sample, 0.51, 0.2433
model-1767253165, 1767253169.322, in_sample, 0.54, 0.2503
model-1767253165, 1767253169.366, in_sample, 0.55, 0.2435
model-1767253165, 1767253169.409, in_sample, 0.51, 0.2505
model-1767253165, 1767253169.454, in_sample, 0.51, 0.2389
model-1767253165, 1767253169.494, in_sample, 0.45, 0.252
model-1767253165, 1767253169.556, in_sample, 0.69, 0.2406
model-1767253165, 1767253169.6, in_sample, 0.55, 0.2377
model-1767253165, 1767253169.646, in_sample, 0.54, 0.2447
model-1767253165, 1767253169.691, in_sample, 0.5, 0.2605
model-1767253165, 1767253169.736, in_sample, 0.5, 0.2568
model-1767253165, 1767253169.78, in_sample, 0.5, 0.2506
model-1767253165, 1767253169.825, in_sample, 0.52, 0.2446
model-1767253165, 1767253169.869, in_sample, 0.5, 0.2507
model-1767253165, 1767253169.913, in_sample, 0.56, 0.2455
model-1767253165, 1767253169.959, in_sample, 0.54, 0.2494
model-1767253165, 1767253170.002, in_sample, 0.55, 0.2429
model-1767253165, 1767253170.045, in_sample, 0.51, 0.248
model-1767253165, 1767253170.089, in_sample, 0.52, 0.2495
model-1767253165, 1767253170.132, in_sample, 0.6, 0.2418
model-1767253165, 1767253170.175, in_sample, 0.44, 0.2526
model-1767253165, 1767253170.22, in_sample, 0.5, 0.2532
model-1767253165, 1767253170.264, in_sample, 0.47, 0.2482
model-1767253165, 1767253170.309, in_sample, 0.56, 0.2464
model-1767253165, 1767253170.353, in_sample, 0.55, 0.2481
model-1767253165, 1767253170.397, in_sample, 0.6, 0.2416
model-1767253165, 1767253170.442, in_sample, 0.59, 0.2415
model-1767253165, 1767253170.487, in_sample, 0.49, 0.259
model-1767253165, 1767253170.531, in_sample, 0.55, 0.2458
model-1767253165, 1767253170.575, in_sample, 0.58, 0.2418
model-1767253165, 1767253170.62, in_sample, 0.52, 0.2463
model-1767253165, 1767253170.664, in_sample, 0.62, 0.2374
model-1767253165, 1767253170.708, in_sample, 0.59, 0.2375
model-1767253165, 1767253170.753, in_sample, 0.44, 0.2599
model-1767253165, 1767253170.798, in_sample, 0.46, 0.2472
model-1767253165, 1767253170.842, in_sample, 0.61, 0.2447
model-1767253165, 1767253170.887, in_sample, 0.61, 0.2428
model-1767253165, 1767253170.932, in_sample, 0.56, 0.2385
model-1767253165, 1767253170.976, in_sample, 0.64, 0.2357
model-1767253165, 1767253171.021, in_sample, 0.55, 0.2412
model-1767253165, 1767253171.065, in_sample, 0.55, 0.2493
model-1767253165, 1767253171.109, in_sample, 0.52, 0.2646
model-1767253165, 1767253171.155, in_sample, 0.63, 0.2357
model-1767253165, 1767253171.198, in_sample, 0.58, 0.2416
model-1767253165, 1767253171.242, in_sample, 0.67, 0.2292
model-1767253165, 1767253171.287, in_sample, 0.53, 0.2443
model-1767253165, 1767253171.332, in_sample, 0.58, 0.241
model-1767253165, 1767253171.376, in_sample, 0.5, 0.2457
model-1767253165, 1767253171.42, in_sample, 0.59, 0.2306
model-1767253165, 1767253171.464, in_sample, 0.6, 0.2356
model-1767253165, 1767253171.509, in_sample, 0.61, 0.2407
model-1767253165, 1767253171.584, in_sample, 0.6, 0.2361
model-1767253165, 1767253171.623, in_sample, 0.61, 0.2338
model-1767253165, 1767253171.667, in_sample, 0.65, 0.2215
model-1767253165, 1767253171.712, in_sample, 0.54, 0.2352
model-1767253165, 1767253171.756, in_sample, 0.63, 0.2254
model-1767253165, 1767253171.8, in_sample, 0.61, 0.2294
model-1767253165, 1767253171.845, in_sample, 0.68, 0.2184
model-1767253165, 1767253171.89, in_sample, 0.6, 0.238
model-1767253165, 1767253171.934, in_sample, 0.6, 0.2175
model-1767253165, 1767253171.979, in_sample, 0.7, 0.2085
model-1767253165, 1767253172.021, in_sample, 0.65, 0.226
model-1767253165, 1767253172.066, in_sample, 0.63, 0.22
model-1767253165, 1767253172.11, in_sample, 0.61, 0.2314
model-1767253165, 1767253172.155, in_sample, 0.61, 0.2207
model-1767253165, 1767253172.2, in_sample, 0.54, 0.2568
model-1767253165, 1767253172.245, in_sample, 0.58, 0.2347
model-1767253165, 1767253172.289, in_sample, 0.59, 0.2332
model-1767253165, 1767253172.334, in_sample, 0.56, 0.2432
model-1767253165, 1767253172.379, in_sample, 0.53, 0.2572
model-1767253165, 1767253172.422, in_sample, 0.61, 0.2456
model-1767253165, 1767253172.465, in_sample, 0.57, 0.2384
model-1767253165, 1767253172.51, in_sample, 0.55, 0.2505
model-1767253165, 1767253172.554, in_sample, 0.69, 0.2262
model-1767253165, 1767253172.599, in_sample, 0.5, 0.2515
model-1767253165, 1767253172.643, in_sample, 0.61, 0.2297
model-1767253165, 1767253172.688, in_sample, 0.6, 0.2344
model-1767253165, 1767253172.733, in_sample, 0.59, 0.2366
model-1767253165, 1767253172.779, in_sample, 0.6, 0.241
model-1767253165, 1767253172.822, in_sample, 0.54, 0.2411
model-1767253165, 1767253172.866, in_sample, 0.63, 0.2298
model-1767253165, 1767253172.911, in_sample, 0.61, 0.2366
model-1767253165, 1767253172.956, in_sample, 0.57, 0.2381
model-1767253165, 1767253173.0, in_sample, 0.63, 0.2264
model-1767253165, 1767253173.045, in_sample, 0.6, 0.234
model-1767253165, 1767253173.089, in_sample, 0.57, 0.2351
model-1767253165, 1767253173.134, in_sample, 0.62, 0.2411
model-1767253165, 1767253173.179, in_sample, 0.59, 0.2357
model-1767253165, 1767253173.222, in_sample, 0.57, 0.2367
model-1767253165, 1767253173.266, in_sample, 0.56, 0.2306
model-1767253165, 1767253173.312, in_sample, 0.65, 0.2207
model-1767253165, 1767253173.356, in_sample, 0.64, 0.2238
model-1767253165, 1767253173.4, in_sample, 0.66, 0.2102
model-1767253165, 1767253173.444, in_sample, 0.63, 0.2384
model-1767253165, 1767253173.488, in_sample, 0.61, 0.2388
model-1767253165, 1767253173.533, in_sample, 0.53, 0.242
model-1767253165, 1767253173.578, in_sample, 0.64, 0.2176
model-1767253165, 1767253173.622, in_sample, 0.66, 0.2135
model-1767253165, 1767253173.667, in_sample, 0.49, 0.2645
model-1767253165, 1767253173.712, in_sample, 0.56, 0.2462
model-1767253165, 1767253173.756, in_sample, 0.54, 0.2598
model-1767253165, 1767253173.8, in_sample, 0.57, 0.248
model-1767253165, 1767253173.845, in_sample, 0.54, 0.2511
model-1767253165, 1767253173.894, in_sample, 0.6, 0.2357
model-1767253165, 1767253173.939, in_sample, 0.63, 0.2257
model-1767253165, 1767253173.983, in_sample, 0.59, 0.2395
model-1767253165, 1767253174.028, in_sample, 0.73, 0.2107
model-1767253165, 1767253174.072, in_sample, 0.64, 0.217
model-1767253165, 1767253174.117, in_sample, 0.59, 0.2401
model-1767253165, 1767253174.161, in_sample, 0.67, 0.2317
model-1767253165, 1767253174.206, in_sample, 0.67, 0.2233
model-1767253165, 1767253174.252, in_sample, 0.54, 0.2486
model-1767253165, 1767253174.298, in_sample, 0.64, 0.2271
model-1767253165, 1767253174.342, in_sample, 0.6, 0.2343
model-1767253165, 1767253174.387, in_sample, 0.7, 0.214
model-1767253165, 1767253174.431, in_sample, 0.63, 0.221
model-1767253165, 1767253174.475, in_sample, 0.61, 0.2372
model-1767253165, 1767253174.519, in_sample, 0.61, 0.2242
model-1767253165, 1767253174.563, in_sample, 0.61, 0.2306
model-1767253165, 1767253174.606, in_sample, 0.59, 0.2289
model-1767253165, 1767253174.649, in_sample, 0.62, 0.2262
model-1767253165, 1767253174.694, in_sample, 0.59, 0.2269
model-1767253165, 1767253174.738, in_sample, 0.67, 0.2205
model-1767253165, 1767253174.783, in_sample, 0.66, 0.21
model-1767253165, 1767253174.827, in_sample, 0.64, 0.2476
model-1767253165, 1767253174.871, in_sample, 0.61, 0.2288
model-1767253165, 1767253174.917, in_sample, 0.6, 0.2252
model-1767253165, 1767253174.961, in_sample, 0.55, 0.2522
model-1767253165, 1767253175.006, in_sample, 0.69, 0.2098
model-1767253165, 1767253175.05, in_sample, 0.59, 0.2405
model-1767253165, 1767253175.095, in_sample, 0.6, 0.2475
model-1767253165, 1767253175.139, in_sample, 0.55, 0.2517
model-1767253165, 1767253175.184, in_sample, 0.52, 0.2294
model-1767253165, 1767253175.228, in_sample, 0.61, 0.2203
model-1767253165, 1767253175.27, in_sample, 0.62, 0.2227
model-1767253165, 1767253175.315, in_sample, 0.6, 0.2344
model-1767253165, 1767253175.359, in_sample, 0.54, 0.2549
model-1767253165, 1767253175.404, in_sample, 0.56, 0.243
model-1767253165, 1767253175.448, in_sample, 0.63, 0.2249
model-1767253165, 1767253175.492, in_sample, 0.66, 0.2214
model-1767253165, 1767253175.536, in_sample, 0.59, 0.2331
model-1767253165, 1767253175.582, in_sample, 0.76, 0.2085
model-1767253165, 1767253175.626, in_sample, 0.63, 0.2365
model-1767253165, 1767253175.67, in_sample, 0.68, 0.2108
model-1767253165, 1767253175.716, in_sample, 0.53, 0.2479
model-1767253165, 1767253175.76, in_sample, 0.68, 0.2197
model-1767253165, 1767253175.804, in_sample, 0.66, 0.2227
model-1767253165, 1767253175.849, in_sample, 0.61, 0.2375
model-1767253165, 1767253175.892, in_sample, 0.7, 0.2019
model-1767253165, 1767253175.937, in_sample, 0.67, 0.2152
model-1767253165, 1767253175.982, in_sample, 0.57, 0.2444
model-1767253165, 1767253176.026, in_sample, 0.62, 0.2304
model-1767253165, 1767253176.071, in_sample, 0.6, 0.2345
model-1767253165, 1767253176.113, in_sample, 0.67, 0.211
model-1767253165, 1767253176.158, in_sample, 0.67, 0.1978
model-1767253165, 1767253176.202, in_sample, 0.65, 0.2244
model-1767253165, 1767253176.246, in_sample, 0.61, 0.2434
model-1767253165, 1767253176.29, in_sample, 0.64, 0.2275
model-1767253165, 1767253176.385, in_sample, 0.6, 0.238
model-1767253165, 1767253176.419, in_sample, 0.57, 0.2437
model-1767253165, 1767253176.464, in_sample, 0.66, 0.2306
model-1767253165, 1767253176.508, in_sample, 0.7, 0.2101
model-1767253165, 1767253176.553, in_sample, 0.67, 0.1997
model-1767253165, 1767253176.597, in_sample, 0.69, 0.2149
model-1767253165, 1767253176.642, in_sample, 0.61, 0.2335
model-1767253165, 1767253176.687, in_sample, 0.64, 0.2351
model-1767253165, 1767253176.731, in_sample, 0.72, 0.2048
model-1767253165, 1767253176.775, in_sample, 0.65, 0.2172
model-1767253165, 1767253176.82, in_sample, 0.66, 0.2102
model-1767253165, 1767253176.863, in_sample, 0.76, 0.1942
model-1767253165, 1767253176.908, in_sample, 0.7, 0.2118
model-1767253165, 1767253176.953, in_sample, 0.73, 0.2129
model-1767253165, 1767253176.997, in_sample, 0.71, 0.1916
model-1767253165, 1767253177.042, in_sample, 0.61, 0.237
model-1767253165, 1767253177.087, in_sample, 0.66, 0.2274
model-1767253165, 1767253177.131, in_sample, 0.67, 0.2244
model-1767253165, 1767253177.176, in_sample, 0.63, 0.2307
model-1767253165, 1767253177.22, in_sample, 0.7, 0.2073
model-1767253165, 1767253177.262, in_sample, 0.67, 0.2055
model-1767253165, 1767253177.305, in_sample, 0.66, 0.2159
model-1767253165, 1767253177.35, in_sample, 0.68, 0.2079
model-1767253165, 1767253177.394, in_sample, 0.6, 0.2333
model-1767253165, 1767253177.438, in_sample, 0.71, 0.2153
model-1767253165, 1767253177.483, in_sample, 0.73, 0.1955
model-1767253165, 1767253177.528, in_sample, 0.66, 0.2198
model-1767253165, 1767253177.572, in_sample, 0.69, 0.2048
model-1767253165, 1767253177.622, in_sample, 0.63, 0.2207
model-1767253165, 1767253177.666, in_sample, 0.66, 0.2097
model-1767253165, 1767253177.71, in_sample, 0.67, 0.2072
model-1767253165, 1767253177.755, in_sample, 0.68, 0.2112
model-1767253165, 1767253177.799, in_sample, 0.68, 0.2097
model-1767253165, 1767253177.844, in_sample, 0.7, 0.1919
model-1767253165, 1767253177.889, in_sample, 0.74, 0.1809
model-1767253165, 1767253177.933, in_sample, 0.66, 0.2305
model-1767253165, 1767253177.975, in_sample, 0.6, 0.2342
model-1767253165, 1767253178.019, in_sample, 0.62, 0.2172
model-1767253165, 1767253178.062, in_sample, 0.58, 0.2415
model-1767253165, 1767253178.105, in_sample, 0.65, 0.2334
model-1767253165, 1767253178.147, in_sample, 0.65, 0.2207
model-1767253165, 1767253178.191, in_sample, 0.64, 0.2197
model-1767253165, 1767253178.234, in_sample, 0.66, 0.2107
model-1767253165, 1767253178.28, in_sample, 0.64, 0.2343
model-1767253165, 1767253178.323, in_sample, 0.73, 0.1945
model-1767253165, 1767253178.367, in_sample, 0.6, 0.2331
model-1767253165, 1767253178.412, in_sample, 0.71, 0.1991
model-1767253165, 1767253178.456, in_sample, 0.73, 0.1951
model-1767253165, 1767253178.5, in_sample, 0.73, 0.1919
model-1767253165, 1767253178.545, in_sample, 0.61, 0.2358
model-1767253165, 1767253178.589, in_sample, 0.57, 0.2323
model-1767253165, 1767253178.634, in_sample, 0.71, 0.2053
model-1767253165, 1767253178.679, in_sample, 0.67, 0.2145
model-1767253165, 1767253178.723, in_sample, 0.66, 0.2014
model-1767253165, 1767253178.767, in_sample, 0.63, 0.2225
model-1767253165, 1767253178.809, in_sample, 0.73, 0.1985
model-1767253165, 1767253178.853, in_sample, 0.66, 0.2059
model-1767253165, 1767253178.897, in_sample, 0.59, 0.242
model-1767253165, 1767253178.942, in_sample, 0.61, 0.2222
model-1767253165, 1767253178.986, in_sample, 0.7, 0.2002
model-1767253165, 1767253179.03, in_sample, 0.67, 0.217
model-1767253165, 1767253179.074, in_sample, 0.63, 0.2164
model-1767253165, 1767253179.119, in_sample, 0.7, 0.2064
model-1767253165, 1767253179.163, in_sample, 0.56, 0.236
model-1767253165, 1767253179.206, in_sample, 0.69, 0.2174
model-1767253165, 1767253179.25, in_sample, 0.73, 0.1892
model-1767253165, 1767253179.294, in_sample, 0.69, 0.2019
model-1767253165, 1767253179.339, in_sample, 0.74, 0.1812
model-1767253165, 1767253179.382, in_sample, 0.64, 0.2344
model-1767253165, 1767253179.425, in_sample, 0.65, 0.2217
model-1767253165, 1767253179.467, in_sample, 0.6, 0.2374
model-1767253165, 1767253179.508, in_sample, 0.62, 0.2437
model-1767253165, 1767253179.552, in_sample, 0.66, 0.2089
model-1767253165, 1767253179.595, in_sample, 0.63, 0.2257
model-1767253165, 1767253179.639, in_sample, 0.64, 0.2127
model-1767253165, 1767253179.683, in_sample, 0.69, 0.2106
model-1767253165, 1767253179.729, in_sample, 0.68, 0.2158
model-1767253165, 1767253179.772, in_sample, 0.69, 0.2126
model-1767253165, 1767253179.818, in_sample, 0.74, 0.1944
model-1767253165, 1767253179.863, in_sample, 0.63, 0.214
model-1767253165, 1767253179.907, in_sample, 0.61, 0.2393
model-1767253165, 1767253179.952, in_sample, 0.71, 0.203
model-1767253165, 1767253179.996, in_sample, 0.6, 0.2269
model-1767253165, 1767253180.04, in_sample, 0.75, 0.198
model-1767253165, 1767253180.085, in_sample, 0.72, 0.2089
model-1767253165, 1767253180.13, in_sample, 0.63, 0.2257
model-1767253165, 1767253180.174, in_sample, 0.67, 0.2144
model-1767253165, 1767253180.218, in_sample, 0.66, 0.2045
model-1767253165, 1767253180.263, in_sample, 0.59, 0.2392
model-1767253165, 1767253180.307, in_sample, 0.68, 0.2053
model-1767253165, 1767253180.35, in_sample, 0.68, 0.2171
model-1767253165, 1767253180.394, in_sample, 0.7, 0.1996
model-1767253165, 1767253180.437, in_sample, 0.64, 0.2146
model-1767253165, 1767253180.479, in_sample, 0.75, 0.1967
model-1767253165, 1767253180.523, in_sample, 0.75, 0.1966
model-1767253165, 1767253180.568, in_sample, 0.61, 0.2389
model-1767253165, 1767253180.612, in_sample, 0.75, 0.1876
model-1767253165, 1767253180.657, in_sample, 0.65, 0.211
model-1767253165, 1767253180.7, in_sample, 0.72, 0.1831
model-1767253165, 1767253180.743, in_sample, 0.68, 0.2222
model-1767253165, 1767253180.786, in_sample, 0.68, 0.1982
model-1767253165, 1767253180.846, in_sample, 0.67, 0.2
model-1767253165, 1767253180.887, in_sample, 0.66, 0.2301
model-1767253165, 1767253180.934, in_sample, 0.61, 0.2217
model-1767253165, 1767253180.977, in_sample, 0.69, 0.1987
model-1767253165, 1767253181.021, in_sample, 0.7, 0.1949
model-1767253165, 1767253181.067, in_sample, 0.66, 0.2318
model-1767253165, 1767253181.111, in_sample, 0.7, 0.1858
model-1767253165, 1767253181.205, in_sample, 0.63, 0.2248
model-1767253165, 1767253181.253, in_sample, 0.65, 0.2025
model-1767253165, 1767253181.301, in_sample, 0.66, 0.2139
model-1767253165, 1767253181.345, in_sample, 0.68, 0.204
model-1767253165, 1767253181.389, in_sample, 0.68, 0.2063
model-1767253165, 1767253181.434, in_sample, 0.71, 0.2008
model-1767253165, 1767253181.477, in_sample, 0.6, 0.2229
model-1767253165, 1767253181.523, in_sample, 0.68, 0.2047
model-1767253165, 1767253181.571, in_sample, 0.73, 0.1999
model-1767253165, 1767253181.616, in_sample, 0.69, 0.2027
model-1767253165, 1767253181.661, in_sample, 0.69, 0.2027
model-1767253165, 1767253181.706, in_sample, 0.73, 0.188
model-1767253165, 1767253181.752, in_sample, 0.74, 0.1881
model-1767253165, 1767253181.797, in_sample, 0.65, 0.217
model-1767253165, 1767253181.842, in_sample, 0.69, 0.1916
model-1767253165, 1767253181.887, in_sample, 0.73, 0.1851
model-1767253165, 1767253181.932, in_sample, 0.7, 0.1858
model-1767253165, 1767253181.977, in_sample, 0.72, 0.1877
model-1767253165, 1767253182.022, in_sample, 0.71, 0.1721
model-1767253165, 1767253182.067, in_sample, 0.76, 0.174
model-1767253165, 1767253182.111, in_sample, 0.78, 0.1652
model-1767253165, 1767253182.155, in_sample, 0.73, 0.1791
model-1767253165, 1767253182.199, in_sample, 0.75, 0.1695
model-1767253165, 1767253182.244, in_sample, 0.67, 0.2181
model-1767253165, 1767253182.287, in_sample, 0.67, 0.2152
model-1767253165, 1767253182.33, in_sample, 0.72, 0.1635
model-1767253165, 1767253182.374, in_sample, 0.73, 0.1931
model-1767253165, 1767253182.419, in_sample, 0.68, 0.1978
model-1767253165, 1767253182.466, in_sample, 0.68, 0.2132
model-1767253165, 1767253182.511, in_sample, 0.73, 0.1809
model-1767253165, 1767253182.555, in_sample, 0.73, 0.1807
model-1767253165, 1767253182.6, in_sample, 0.63, 0.2224
model-1767253165, 1767253182.644, in_sample, 0.74, 0.1986
model-1767253165, 1767253182.688, in_sample, 0.68, 0.2319
model-1767253165, 1767253182.732, in_sample, 0.73, 0.1764
model-1767253165, 1767253182.776, in_sample, 0.72, 0.2001
model-1767253165, 1767253182.821, in_sample, 0.72, 0.1816
model-1767253165, 1767253182.865, in_sample, 0.65, 0.2155
model-1767253165, 1767253182.91, in_sample, 0.67, 0.2115
model-1767253165, 1767253182.954, in_sample, 0.69, 0.1879
model-1767253165, 1767253182.996, in_sample, 0.67, 0.1947
model-1767253165, 1767253183.038, in_sample, 0.66, 0.2146
model-1767253165, 1767253183.08, in_sample, 0.69, 0.2153
model-1767253165, 1767253183.122, in_sample, 0.66, 0.2003
model-1767253165, 1767253183.163, in_sample, 0.59, 0.2278
model-1767253165, 1767253183.205, in_sample, 0.69, 0.2093
model-1767253165, 1767253183.246, in_sample, 0.7, 0.1921
model-1767253165, 1767253183.288, in_sample, 0.72, 0.1871
model-1767253165, 1767253183.33, in_sample, 0.71, 0.1901
model-1767253165, 1767253183.371, in_sample, 0.73, 0.2074
model-1767253165, 1767253183.412, in_sample, 0.56, 0.2408
model-1767253165, 1767253183.453, in_sample, 0.71, 0.1853
model-1767253165, 1767253183.495, in_sample, 0.69, 0.194
model-1767253165, 1767253183.536, in_sample, 0.7, 0.1977
model-1767253165, 1767253183.577, in_sample, 0.61, 0.2319
model-1767253165, 1767253183.618, in_sample, 0.68, 0.216
model-1767253165, 1767253183.659, in_sample, 0.71, 0.183
model-1767253165, 1767253183.7, in_sample, 0.63, 0.2224
model-1767253165, 1767253183.741, in_sample, 0.71, 0.2048
model-1767253165, 1767253183.782, in_sample, 0.68, 0.2104
model-1767253165, 1767253183.822, in_sample, 0.73, 0.1811
model-1767253165, 1767253183.864, in_sample, 0.63, 0.2191
model-1767253165, 1767253183.906, in_sample, 0.66, 0.2219
model-1767253165, 1767253183.947, in_sample, 0.66, 0.1953
model-1767253165, 1767253183.988, in_sample, 0.71, 0.1928
model-1767253165, 1767253184.029, in_sample, 0.78, 0.178
model-1767253165, 1767253184.07, in_sample, 0.7, 0.2013
model-1767253165, 1767253184.111, in_sample, 0.72, 0.195
model-1767253165, 1767253184.152, in_sample, 0.82, 0.1781
model-1767253165, 1767253184.194, in_sample, 0.78, 0.1681
model-1767253165, 1767253184.235, in_sample, 0.65, 0.2119
model-1767253165, 1767253184.278, in_sample, 0.73, 0.1823
model-1767253165, 1767253184.321, in_sample, 0.71, 0.1928
model-1767253165, 1767253184.363, in_sample, 0.77, 0.1528
model-1767253165, 1767253184.406, in_sample, 0.73, 0.1859
model-1767253165, 1767253184.448, in_sample, 0.74, 0.1826
model-1767253165, 1767253184.491, in_sample, 0.65, 0.2138
model-1767253165, 1767253184.534, in_sample, 0.69, 0.2021
model-1767253165, 1767253184.578, in_sample, 0.67, 0.1984
model-1767253165, 1767253184.623, in_sample, 0.77, 0.1607
model-1767253165, 1767253184.67, in_sample, 0.73, 0.1813
model-1767253165, 1767253184.716, in_sample, 0.66, 0.2116
model-1767253165, 1767253184.76, in_sample, 0.75, 0.1634
model-1767253165, 1767253184.804, in_sample, 0.66, 0.218
model-1767253165, 1767253184.849, in_sample, 0.73, 0.1968
model-1767253165, 1767253184.894, in_sample, 0.71, 0.1776
model-1767253165, 1767253184.938, in_sample, 0.65, 0.2214
model-1767253165, 1767253184.982, in_sample, 0.71, 0.1989
model-1767253165, 1767253185.028, in_sample, 0.72, 0.1878
model-1767253165, 1767253185.072, in_sample, 0.69, 0.2126
model-1767253165, 1767253185.115, in_sample, 0.6, 0.2195
model-1767253165, 1767253185.16, in_sample, 0.75, 0.1826
model-1767253165, 1767253185.204, in_sample, 0.73, 0.1906
model-1767253165, 1767253185.249, in_sample, 0.73, 0.1814
model-1767253165, 1767253185.294, in_sample, 0.71, 0.2008
model-1767253165, 1767253185.338, in_sample, 0.75, 0.1794
model-1767253165, 1767253185.382, in_sample, 0.68, 0.2028
model-1767253165, 1767253185.428, in_sample, 0.69, 0.1925
model-1767253165, 1767253185.474, in_sample, 0.73, 0.1814
model-1767253165, 1767253185.519, in_sample, 0.69, 0.2093
model-1767253165, 1767253185.567, in_sample, 0.77, 0.1578
model-1767253165, 1767253185.609, in_sample, 0.7, 0.1796
model-1767253165, 1767253185.652, in_sample, 0.72, 0.1959
model-1767253165, 1767253185.696, in_sample, 0.64, 0.2117
model-1767253165, 1767253185.739, in_sample, 0.74, 0.1668
model-1767253165, 1767253185.782, in_sample, 0.74, 0.1686
model-1767253165, 1767253185.826, in_sample, 0.7, 0.1903
model-1767253165, 1767253185.869, in_sample, 0.72, 0.1611
model-1767253165, 1767253185.911, in_sample, 0.74, 0.1766
model-1767253165, 1767253185.952, in_sample, 0.67, 0.2087
model-1767253165, 1767253185.997, in_sample, 0.75, 0.1692
model-1767253165, 1767253186.041, in_sample, 0.68, 0.2052
model-1767253165, 1767253186.086, in_sample, 0.75, 0.1718
model-1767253165, 1767253186.13, in_sample, 0.79, 0.1561
model-1767253165, 1767253186.175, in_sample, 0.71, 0.1927
model-1767253165, 1767253186.22, in_sample, 0.69, 0.2143
model-1767253165, 1767253186.264, in_sample, 0.74, 0.1776
model-1767253165, 1767253186.308, in_sample, 0.72, 0.1896
model-1767253165, 1767253186.351, in_sample, 0.79, 0.1761
model-1767253165, 1767253186.395, in_sample, 0.74, 0.1878
model-1767253165, 1767253186.439, in_sample, 0.66, 0.2094
model-1767253165, 1767253186.484, in_sample, 0.75, 0.1529
model-1767253165, 1767253186.528, in_sample, 0.77, 0.1733
model-1767253165, 1767253186.573, in_sample, 0.71, 0.1778
model-1767253165, 1767253186.617, in_sample, 0.72, 0.1662
model-1767253165, 1767253186.661, in_sample, 0.78, 0.1723
model-1767253165, 1767253186.704, in_sample, 0.68, 0.1937
model-1767253165, 1767253186.749, in_sample, 0.76, 0.1498
model-1767253165, 1767253186.793, in_sample, 0.78, 0.1464
model-1767253165, 1767253186.838, in_sample, 0.69, 0.1593
model-1767253165, 1767253186.883, in_sample, 0.76, 0.1654
model-1767253165, 1767253186.924, in_sample, 0.74, 0.1858
model-1767253165, 1767253186.968, in_sample, 0.67, 0.2122
model-1767253165, 1767253187.013, in_sample, 0.79, 0.1497
model-1767253165, 1767253187.057, in_sample, 0.71, 0.206
model-1767253165, 1767253187.099, in_sample, 0.73, 0.1927
model-1767253165, 1767253187.144, in_sample, 0.79, 0.1651
model-1767253165, 1767253187.189, in_sample, 0.74, 0.1827
model-1767253165, 1767253187.231, in_sample, 0.72, 0.1905
model-1767253165, 1767253187.276, in_sample, 0.78, 0.1672
model-1767253165, 1767253187.319, in_sample, 0.67, 0.207
model-1767253165, 1767253187.363, in_sample, 0.71, 0.1897
model-1767253165, 1767253187.408, in_sample, 0.75, 0.1581
model-1767253165, 1767253187.453, in_sample, 0.76, 0.1693
model-1767253165, 1767253187.497, in_sample, 0.73, 0.1622
model-1767253165, 1767253187.542, in_sample, 0.7, 0.19
model-1767253165, 1767253187.587, in_sample, 0.76, 0.1831
model-1767253165, 1767253187.631, in_sample, 0.69, 0.1903
model-1767253165, 1767253187.676, in_sample, 0.74, 0.1798
model-1767253165, 1767253187.72, in_sample, 0.74, 0.1568
model-1767253165, 1767253187.764, in_sample, 0.72, 0.1773
model-1767253165, 1767253187.844, in_sample, 0.81, 0.1406
model-1767253165, 1767253187.888, in_sample, 0.79, 0.1549
model-1767253165, 1767253187.932, in_sample, 0.72, 0.1798
model-1767253165, 1767253187.977, in_sample, 0.8, 0.1638
model-1767253165, 1767253188.021, in_sample, 0.8, 0.1576
model-1767253165, 1767253188.067, in_sample, 0.74, 0.1745
model-1767253165, 1767253188.113, in_sample, 0.73, 0.1836
model-1767253165, 1767253188.158, in_sample, 0.83, 0.1573
model-1767253165, 1767253188.202, in_sample, 0.74, 0.187
model-1767253165, 1767253188.247, in_sample, 0.8, 0.1602
model-1767253165, 1767253188.291, in_sample, 0.85, 0.1375
model-1767253165, 1767253188.337, in_sample, 0.72, 0.1849
model-1767253165, 1767253188.381, in_sample, 0.83, 0.1477
model-1767253165, 1767253188.424, in_sample, 0.72, 0.1772
model-1767253165, 1767253188.469, in_sample, 0.84, 0.122
model-1767253165, 1767253188.515, in_sample, 0.66, 0.2018
model-1767253165, 1767253188.559, in_sample, 0.77, 0.156
model-1767253165, 1767253188.603, in_sample, 0.7, 0.1861
model-1767253165, 1767253188.648, in_sample, 0.7, 0.1703
model-1767253165, 1767253188.692, in_sample, 0.73, 0.1945
model-1767253165, 1767253188.737, in_sample, 0.78, 0.1534
model-1767253165, 1767253188.782, in_sample, 0.78, 0.1494
model-1767253165, 1767253188.826, in_sample, 0.74, 0.168
model-1767253165, 1767253188.871, in_sample, 0.69, 0.1952
model-1767253165, 1767253188.916, in_sample, 0.67, 0.2019
model-1767253165, 1767253188.96, in_sample, 0.78, 0.1483
model-1767253165, 1767253189.005, in_sample, 0.74, 0.1821
model-1767253165, 1767253189.049, in_sample, 0.74, 0.159
model-1767253165, 1767253189.094, in_sample, 0.71, 0.1795
model-1767253165, 1767253189.137, in_sample, 0.71, 0.1986
model-1767253165, 1767253189.183, in_sample, 0.71, 0.1935
model-1767253165, 1767253189.227, in_sample, 0.82, 0.1548
model-1767253165, 1767253189.271, in_sample, 0.72, 0.1845
model-1767253165, 1767253189.316, in_sample, 0.85, 0.1341
model-1767253165, 1767253189.36, in_sample, 0.7, 0.1881
model-1767253165, 1767253189.404, in_sample, 0.66, 0.205
model-1767253165, 1767253189.45, in_sample, 0.71, 0.1931
model-1767253165, 1767253189.495, in_sample, 0.67, 0.2107
model-1767253165, 1767253189.538, in_sample, 0.75, 0.177
model-1767253165, 1767253189.583, in_sample, 0.71, 0.1762
model-1767253165, 1767253189.628, in_sample, 0.73, 0.1825
model-1767253165, 1767253189.672, in_sample, 0.7, 0.1969
model-1767253165, 1767253189.718, in_sample, 0.71, 0.1693
model-1767253165, 1767253189.762, in_sample, 0.81, 0.1571
model-1767253165, 1767253189.806, in_sample, 0.77, 0.1573
model-1767253165, 1767253189.851, in_sample, 0.8, 0.1512
model-1767253165, 1767253189.896, in_sample, 0.7, 0.1903
model-1767253165, 1767253189.939, in_sample, 0.79, 0.1591
model-1767253165, 1767253189.984, in_sample, 0.67, 0.2055
model-1767253165, 1767253190.028, in_sample, 0.82, 0.1538
model-1767253165, 1767253190.073, in_sample, 0.79, 0.1616
model-1767253165, 1767253190.118, in_sample, 0.74, 0.191
model-1767253165, 1767253190.162, in_sample, 0.78, 0.1829
model-1767253165, 1767253190.207, in_sample, 0.85, 0.1368
model-1767253165, 1767253190.252, in_sample, 0.77, 0.164
model-1767253165, 1767253190.296, in_sample, 0.74, 0.1813
model-1767253165, 1767253190.339, in_sample, 0.74, 0.1672
model-1767253165, 1767253190.384, in_sample, 0.76, 0.1656
model-1767253165, 1767253190.428, in_sample, 0.73, 0.1742
model-1767253165, 1767253190.473, in_sample, 0.74, 0.1743
model-1767253165, 1767253190.517, in_sample, 0.72, 0.1813
model-1767253165, 1767253190.56, in_sample, 0.73, 0.1986
model-1767253165, 1767253190.604, in_sample, 0.8, 0.1373
model-1767253165, 1767253190.65, in_sample, 0.74, 0.1814
model-1767253165, 1767253190.694, in_sample, 0.78, 0.1466
model-1767253165, 1767253190.737, in_sample, 0.73, 0.1882
model-1767253165, 1767253190.782, in_sample, 0.72, 0.1579
model-1767253165, 1767253190.827, in_sample, 0.82, 0.1493
model-1767253165, 1767253190.869, in_sample, 0.63, 0.2129
model-1767253165, 1767253190.914, in_sample, 0.68, 0.2083
model-1767253165, 1767253190.959, in_sample, 0.75, 0.1747
model-1767253165, 1767253191.003, in_sample, 0.78, 0.1591
model-1767253165, 1767253191.048, in_sample, 0.71, 0.2082
model-1767253165, 1767253191.093, in_sample, 0.75, 0.1567
model-1767253165, 1767253191.136, in_sample, 0.74, 0.1716
model-1767253165, 1767253191.181, in_sample, 0.72, 0.1685
model-1767253165, 1767253191.225, in_sample, 0.69, 0.1826
model-1767253165, 1767253191.269, in_sample, 0.74, 0.1853
model-1767253165, 1767253191.314, in_sample, 0.8, 0.1611
model-1767253165, 1767253191.358, in_sample, 0.76, 0.1562
model-1767253165, 1767253191.403, in_sample, 0.7, 0.2011
model-1767253165, 1767253191.448, in_sample, 0.7, 0.2008
model-1767253165, 1767253191.492, in_sample, 0.72, 0.2023
model-1767253165, 1767253191.536, in_sample, 0.75, 0.16
model-1767253165, 1767253191.58, in_sample, 0.69, 0.1813
model-1767253165, 1767253191.625, in_sample, 0.79, 0.1513
model-1767253165, 1767253191.669, in_sample, 0.73, 0.1765
model-1767253165, 1767253191.715, in_sample, 0.75, 0.1676
model-1767253165, 1767253191.759, in_sample, 0.8, 0.1607
model-1767253165, 1767253191.803, in_sample, 0.8, 0.1604
model-1767253165, 1767253191.849, in_sample, 0.75, 0.1724
model-1767253165, 1767253191.894, in_sample, 0.76, 0.1626
model-1767253165, 1767253191.937, in_sample, 0.86, 0.1194
model-1767253165, 1767253191.982, in_sample, 0.77, 0.1572
model-1767253165, 1767253192.026, in_sample, 0.83, 0.1324
model-1767253165, 1767253192.071, in_sample, 0.77, 0.1539
model-1767253165, 1767253192.116, in_sample, 0.76, 0.1538
model-1767253165, 1767253192.16, in_sample, 0.72, 0.2005
model-1767253165, 1767253192.205, in_sample, 0.71, 0.1984
model-1767253165, 1767253192.25, in_sample, 0.91, 0.1131
model-1767253165, 1767253192.294, in_sample, 0.72, 0.1941
model-1767253165, 1767253192.338, in_sample, 0.77, 0.1593
model-1767253165, 1767253192.382, in_sample, 0.71, 0.1922
model-1767253165, 1767253192.425, in_sample, 0.74, 0.1849
model-1767253165, 1767253192.47, in_sample, 0.76, 0.1591
model-1767253165, 1767253192.515, in_sample, 0.69, 0.2006
model-1767253165, 1767253192.559, in_sample, 0.76, 0.1513
model-1767253165, 1767253192.603, in_sample, 0.74, 0.1862
model-1767253165, 1767253192.649, in_sample, 0.81, 0.1405
model-1767253165, 1767253192.693, in_sample, 0.77, 0.1672
model-1767253165, 1767253192.737, in_sample, 0.77, 0.1433
model-1767253165, 1767253192.781, in_sample, 0.66, 0.2094
model-1767253165, 1767253192.826, in_sample, 0.68, 0.1829
model-1767253165, 1767253192.87, in_sample, 0.73, 0.194
model-1767253165, 1767253192.915, in_sample, 0.76, 0.1781
model-1767253165, 1767253192.96, in_sample, 0.74, 0.1722
model-1767253165, 1767253193.004, in_sample, 0.75, 0.1844
model-1767253165, 1767253193.049, in_sample, 0.68, 0.2048
model-1767253165, 1767253193.093, in_sample, 0.72, 0.1713
model-1767253165, 1767253193.137, in_sample, 0.73, 0.1964
model-1767253165, 1767253193.182, in_sample, 0.79, 0.1456
model-1767253165, 1767253193.226, in_sample, 0.78, 0.1428
model-1767253165, 1767253193.271, in_sample, 0.71, 0.1813
model-1767253165, 1767253193.316, in_sample, 0.62, 0.2142
model-1767253165, 1767253193.36, in_sample, 0.66, 0.1996
model-1767253165, 1767253193.404, in_sample, 0.8, 0.1438
model-1767253165, 1767253193.45, in_sample, 0.78, 0.1669
model-1767253165, 1767253193.496, in_sample, 0.7, 0.1873
model-1767253165, 1767253193.541, in_sample, 0.65, 0.1893
model-1767253165, 1767253193.585, in_sample, 0.73, 0.1936
model-1767253165, 1767253193.629, in_sample, 0.72, 0.1717
model-1767253165, 1767253193.674, in_sample, 0.73, 0.1666
model-1767253165, 1767253193.719, in_sample, 0.76, 0.1749
model-1767253165, 1767253193.763, in_sample, 0.73, 0.1766
model-1767253165, 1767253193.816, in_sample, 0.73, 0.164
model-1767253165, 1767253193.862, in_sample, 0.71, 0.1705
model-1767253165, 1767253193.906, in_sample, 0.74, 0.1827
model-1767253165, 1767253193.949, in_sample, 0.73, 0.1534
model-1767253165, 1767253193.994, in_sample, 0.86, 0.142
model-1767253165, 1767253194.039, in_sample, 0.85, 0.1349
model-1767253165, 1767253194.083, in_sample, 0.71, 0.1708
model-1767253165, 1767253194.128, in_sample, 0.73, 0.1666
model-1767253165, 1767253194.173, in_sample, 0.83, 0.1353
model-1767253165, 1767253194.217, in_sample, 0.78, 0.1376
model-1767253165, 1767253194.262, in_sample, 0.71, 0.1899
model-1767253165, 1767253194.307, in_sample, 0.8, 0.1631
model-1767253165, 1767253194.35, in_sample, 0.74, 0.1642
model-1767253165, 1767253194.395, in_sample, 0.81, 0.1287
model-1767253165, 1767253194.439, in_sample, 0.79, 0.1579
model-1767253165, 1767253194.484, in_sample, 0.78, 0.1611
model-1767253165, 1767253194.529, in_sample, 0.68, 0.2121
model-1767253165, 1767253194.572, in_sample, 0.8, 0.1572
model-1767253165, 1767253194.617, in_sample, 0.72, 0.1709
model-1767253165, 1767253194.661, in_sample, 0.78, 0.1458
model-1767253165, 1767253194.705, in_sample, 0.8, 0.1642
model-1767253165, 1767253194.749, in_sample, 0.7, 0.1778
model-1767253165, 1767253194.794, in_sample, 0.79, 0.1479
model-1767253165, 1767253194.838, in_sample, 0.76, 0.1888
model-1767253165, 1767253194.882, in_sample, 0.73, 0.1713
model-1767253165, 1767253194.928, in_sample, 0.81, 0.1471
model-1767253165, 1767253194.971, in_sample, 0.68, 0.2032
model-1767253165, 1767253195.015, in_sample, 0.75, 0.1621
model-1767253165, 1767253195.06, in_sample, 0.73, 0.1685
model-1767253165, 1767253195.105, in_sample, 0.75, 0.1609
model-1767253165, 1767253195.149, in_sample, 0.67, 0.1941
model-1767253165, 1767253195.195, in_sample, 0.72, 0.1715
model-1767253165, 1767253195.24, in_sample, 0.75, 0.1597
model-1767253165, 1767253195.282, in_sample, 0.78, 0.1466
model-1767253165, 1767253195.327, in_sample, 0.75, 0.1741
model-1767253165, 1767253195.371, in_sample, 0.81, 0.153
model-1767253165, 1767253195.415, in_sample, 0.71, 0.1826
model-1767253165, 1767253195.459, in_sample, 0.75, 0.1604
model-1767253165, 1767253195.504, in_sample, 0.81, 0.1378
model-1767253165, 1767253195.548, in_sample, 0.73, 0.1822
model-1767253165, 1767253195.593, in_sample, 0.86, 0.1271
model-1767253165, 1767253195.636, in_sample, 0.82, 0.1332
model-1767253165, 1767253195.679, in_sample, 0.73, 0.1677
model-1767253165, 1767253195.723, in_sample, 0.74, 0.181
model-1767253165, 1767253195.767, in_sample, 0.83, 0.1334
model-1767253165, 1767253195.811, in_sample, 0.82, 0.1383
model-1767253165, 1767253195.855, in_sample, 0.77, 0.1668
model-1767253165, 1767253195.9, in_sample, 0.77, 0.1437
model-1767253165, 1767253195.944, in_sample, 0.79, 0.1482
model-1767253165, 1767253195.989, in_sample, 0.74, 0.1794
model-1767253165, 1767253196.033, in_sample, 0.79, 0.1363
model-1767253165, 1767253196.078, in_sample, 0.72, 0.1914
model-1767253165, 1767253196.122, in_sample, 0.79, 0.1323
model-1767253165, 1767253196.166, in_sample, 0.84, 0.1279
model-1767253165, 1767253196.21, in_sample, 0.79, 0.1549
model-1767253165, 1767253196.255, in_sample, 0.75, 0.1685
model-1767253165, 1767253196.3, in_sample, 0.75, 0.1554
model-1767253165, 1767253196.344, in_sample, 0.74, 0.1667
